Column1,DEF,FWD,GK,MID,element_type,now_cost,team,total_points,Arsenal,Aston Villa,Brentford,Brighton,Burnley,Chelsea,Crystal Palace,Everton,Leeds,Leicester,Liverpool,Man City,Man Utd,Newcastle,Norwich,Southampton,Spurs,Watford,West Ham,Wolves,Starting 11
Aaron Connolly,0,1,0,0,FWD,53,Brighton,5,0,0,0,1,0,0,0,0,0,0,0,0,0,0,0,0,0,0,0,0,0.0
Aaron Cresswell,1,0,0,0,DEF,54,West Ham,115,0,0,0,0,0,0,0,0,0,0,0,0,0,0,0,0,0,0,1,0,0.0
Aaron Lennon,0,0,0,1,MID,46,Burnley,60,0,0,0,0,1,0,0,0,0,0,0,0,0,0,0,0,0,0,0,0,0.0
Aaron Ramsdale,0,0,1,0,GK,51,Arsenal,135,1,0,0,0,0,0,0,0,0,0,0,0,0,0,0,0,0,0,0,0,0.0
Aaron Ramsey,0,0,0,1,MID,44,Aston Villa,0,0,1,0,0,0,0,0,0,0,0,0,0,0,0,0,0,0,0,0,0,0.0
Aaron Wan-Bissaka,1,0,0,0,DEF,51,Man Utd,41,0,0,0,0,0,0,0,0,0,0,0,0,1,0,0,0,0,0,0,0,0.0
Abdoulaye Doucouré,0,0,0,1,MID,53,Everton,90,0,0,0,0,0,0,0,1,0,0,0,0,0,0,0,0,0,0,0,0,0.0
Abu Kamara,0,1,0,0,FWD,45,Norwich,0,0,0,0,0,0,0,0,0,0,0,0,0,0,0,1,0,0,0,0,0,-0.0
Adam Armstrong,0,1,0,0,FWD,57,Southampton,57,0,0,0,0,0,0,0,0,0,0,0,0,0,0,0,1,0,0,0,0,0.0
Adam Forshaw,0,0,0,1,MID,45,Leeds,38,0,0,0,0,0,0,0,0,1,0,0,0,0,0,0,0,0,0,0,0,0.0
Adam Idah,0,1,0,0,FWD,48,Norwich,36,0,0,0,0,0,0,0,0,0,0,0,0,0,0,1,0,0,0,0,0,0.0
Adam Lallana,0,0,0,1,MID,53,Brighton,44,0,0,0,1,0,0,0,0,0,0,0,0,0,0,0,0,0,0,0,0,0.0
Adam Masina,1,0,0,0,DEF,43,Watford,25,0,0,0,0,0,0,0,0,0,0,0,0,0,0,0,0,0,1,0,0,0.0
Adam Webster,1,0,0,0,DEF,43,Brighton,59,0,0,0,1,0,0,0,0,0,0,0,0,0,0,0,0,0,0,0,0,0.0
Adama Traoré,0,0,0,1,MID,56,Wolves,44,0,0,0,0,0,0,0,0,0,0,0,0,0,0,0,0,0,0,0,1,0.0
Adedapo Awokoya-Mebude,0,1,0,0,FWD,45,Watford,0,0,0,0,0,0,0,0,0,0,0,0,0,0,0,0,0,0,1,0,0,-0.0
Ademola Lookman,0,0,0,1,MID,59,Leicester,76,0,0,0,0,0,0,0,0,0,1,0,0,0,0,0,0,0,0,0,0,0.0
Adrian Blake,0,0,0,1,MID,45,Watford,0,0,0,0,0,0,0,0,0,0,0,0,0,0,0,0,0,0,1,0,0,-0.0
Adrián San Miguel del Castillo,0,0,1,0,GK,43,Liverpool,0,0,0,0,0,0,0,0,0,0,0,1,0,0,0,0,0,0,0,0,0,0.0
Ainsley Maitland-Niles,0,0,0,1,MID,52,Arsenal,12,1,0,0,0,0,0,0,0,0,0,0,0,0,0,0,0,0,0,0,0,0.0
Ajibola Alese,1,0,0,0,DEF,40,West Ham,0,0,0,0,0,0,0,0,0,0,0,0,0,0,0,0,0,0,0,1,0,-0.0
Albert Sambi Lokonga,0,0,0,1,MID,48,Arsenal,32,1,0,0,0,0,0,0,0,0,0,0,0,0,0,0,0,0,0,0,0,0.0
Alejandro Garnacho Ferreyra,0,0,0,1,MID,45,Man Utd,2,0,0,0,0,0,0,0,0,0,0,0,0,1,0,0,0,0,0,0,0,0.0
Alex Iwobi,0,0,0,1,MID,58,Everton,78,0,0,0,0,0,0,0,1,0,0,0,0,0,0,0,0,0,0,0,0,0.0
Alex Kirk,1,0,0,0,DEF,40,Arsenal,0,1,0,0,0,0,0,0,0,0,0,0,0,0,0,0,0,0,0,0,0,-0.0
Alex Kral,0,0,0,1,MID,44,West Ham,1,0,0,0,0,0,0,0,0,0,0,0,0,0,0,0,0,0,0,1,0,0.0
Alex McCarthy,0,0,1,0,GK,43,Southampton,55,0,0,0,0,0,0,0,0,0,0,0,0,0,0,0,1,0,0,0,0,0.0
Alex Nicolao Telles,1,0,0,0,DEF,49,Man Utd,67,0,0,0,0,0,0,0,0,0,0,0,0,1,0,0,0,0,0,0,0,0.0
Alex Oxlade-Chamberlain,0,0,0,1,MID,58,Liverpool,42,0,0,0,0,0,0,0,0,0,0,1,0,0,0,0,0,0,0,0,0,0.0
Alexandre Lacazette,0,1,0,0,FWD,81,Arsenal,90,1,0,0,0,0,0,0,0,0,0,0,0,0,0,0,0,0,0,0,0,0.0
Alexis Mac Allister,0,0,0,1,MID,51,Brighton,93,0,0,0,1,0,0,0,0,0,0,0,0,0,0,0,0,0,0,0,0,0.0
Alfie Devine,0,0,0,1,MID,45,Spurs,0,0,0,0,0,0,0,0,0,0,0,0,0,0,0,0,0,1,0,0,0,-0.0
Alireza Jahanbakhsh,0,0,0,1,MID,55,Brighton,0,0,0,0,1,0,0,0,0,0,0,0,0,0,0,0,0,0,0,0,0,0.0
Alisson Ramses Becker,0,0,1,0,GK,61,Liverpool,176,0,0,0,0,0,0,0,0,0,0,1,0,0,0,0,0,0,0,0,0,0.0
Allan Marques Loureiro,0,0,0,1,MID,43,Everton,58,0,0,0,0,0,0,0,1,0,0,0,0,0,0,0,0,0,0,0,0,0.0
Allan Saint-Maximin,0,1,0,0,FWD,67,Newcastle,116,0,0,0,0,0,0,0,0,0,0,0,0,0,1,0,0,0,0,0,0,0.0
Alphonse Areola,0,0,1,0,GK,47,West Ham,2,0,0,0,0,0,0,0,0,0,0,0,0,0,0,0,0,0,0,1,0,0.0
Amad Diallo,0,0,0,1,MID,50,Man Utd,0,0,0,0,0,0,0,0,0,0,0,0,0,1,0,0,0,0,0,0,0,-0.0
Andi Zeqiri,0,1,0,0,FWD,45,Brighton,0,0,0,0,1,0,0,0,0,0,0,0,0,0,0,0,0,0,0,0,0,0.0
Andre Gray,0,1,0,0,FWD,54,Watford,0,0,0,0,0,0,0,0,0,0,0,0,0,0,0,0,0,0,1,0,0,0.0
Andreas Christensen,1,0,0,0,DEF,46,Chelsea,69,0,0,0,0,0,1,0,0,0,0,0,0,0,0,0,0,0,0,0,0,0.0
Andreas Pereira,0,0,0,1,MID,50,Man Utd,0,0,0,0,0,0,0,0,0,0,0,0,0,1,0,0,0,0,0,0,0,0.0
Andreas Söndergaard,0,0,1,0,GK,39,Wolves,0,0,0,0,0,0,0,0,0,0,0,0,0,0,0,0,0,0,0,0,1,0.0
Andrew Omobamidele,1,0,0,0,DEF,39,Norwich,14,0,0,0,0,0,0,0,0,0,0,0,0,0,0,1,0,0,0,0,0,0.0
Andrew Robertson,1,0,0,0,DEF,73,Liverpool,186,0,0,0,0,0,0,0,0,0,0,1,0,0,0,0,0,0,0,0,0,1.0
Andriy Yarmolenko,0,0,0,1,MID,50,West Ham,25,0,0,0,0,0,0,0,0,0,0,0,0,0,0,0,0,0,0,1,0,0.0
Andros Townsend,0,0,0,1,MID,52,Everton,66,0,0,0,0,0,0,0,1,0,0,0,0,0,0,0,0,0,0,0,0,0.0
André Filipe Tavares Gomes,0,0,0,1,MID,49,Everton,18,0,0,0,0,0,0,0,1,0,0,0,0,0,0,0,0,0,0,0,0,0.0
Andy Lonergan,0,0,1,0,GK,39,Everton,0,0,0,0,0,0,0,0,1,0,0,0,0,0,0,0,0,0,0,0,0,0.0
Angelo Ogbonna,1,0,0,0,DEF,49,West Ham,40,0,0,0,0,0,0,0,0,0,0,0,0,0,0,0,0,0,0,1,0,0.0
Angus Gunn,0,0,1,0,GK,40,Norwich,31,0,0,0,0,0,0,0,0,0,0,0,0,0,0,1,0,0,0,0,0,0.0
Anthony Elanga,0,0,0,1,MID,48,Man Utd,59,0,0,0,0,0,0,0,0,0,0,0,0,1,0,0,0,0,0,0,0,0.0
Anthony Gordon,0,0,0,1,MID,47,Everton,100,0,0,0,0,0,0,0,1,0,0,0,0,0,0,0,0,0,0,0,0,0.0
Anthony Mancini,0,0,0,1,MID,45,Burnley,0,0,0,0,0,1,0,0,0,0,0,0,0,0,0,0,0,0,0,0,0,-0.0
Anthony Martial,0,1,0,0,FWD,76,Man Utd,14,0,0,0,0,0,0,0,0,0,0,0,0,1,0,0,0,0,0,0,0,0.0
Antonio Rüdiger,1,0,0,0,DEF,61,Chelsea,150,0,0,0,0,0,1,0,0,0,0,0,0,0,0,0,0,0,0,0,0,0.0
Anwar El Ghazi,0,0,0,1,MID,56,Everton,22,0,0,0,0,0,0,0,1,0,0,0,0,0,0,0,0,0,0,0,0,0.0
Archie Gray,0,0,0,1,MID,45,Leeds,0,0,0,0,0,0,0,0,0,1,0,0,0,0,0,0,0,0,0,0,0,-0.0
Armando Broja,0,1,0,0,FWD,53,Southampton,92,0,0,0,0,0,0,0,0,0,0,0,0,0,0,0,1,0,0,0,0,0.0
Armstrong Oko-Flex,0,0,0,1,MID,44,West Ham,0,0,0,0,0,0,0,0,0,0,0,0,0,0,0,0,0,0,0,1,0,0.0
Arthur Masuaku,1,0,0,0,DEF,44,West Ham,29,0,0,0,0,0,0,0,0,0,0,0,0,0,0,0,0,0,0,1,0,0.0
Arthur Okonkwo,0,0,1,0,GK,39,Arsenal,0,1,0,0,0,0,0,0,0,0,0,0,0,0,0,0,0,0,0,0,0,0.0
Ashley Barnes,0,1,0,0,FWD,52,Burnley,32,0,0,0,0,1,0,0,0,0,0,0,0,0,0,0,0,0,0,0,0,0.0
Ashley Fletcher,0,1,0,0,FWD,48,Watford,3,0,0,0,0,0,0,0,0,0,0,0,0,0,0,0,0,0,1,0,0,0.0
Ashley Westwood,0,0,0,1,MID,52,Burnley,63,0,0,0,0,1,0,0,0,0,0,0,0,0,0,0,0,0,0,0,0,0.0
Ashley Young,1,0,0,0,DEF,47,Aston Villa,50,0,1,0,0,0,0,0,0,0,0,0,0,0,0,0,0,0,0,0,0,0.0
Asmir Begović,0,0,1,0,GK,40,Everton,13,0,0,0,0,0,0,0,1,0,0,0,0,0,0,0,0,0,0,0,0,0.0
Axel Tuanzebe,1,0,0,0,DEF,44,Man Utd,14,0,0,0,0,0,0,0,0,0,0,0,0,1,0,0,0,0,0,0,0,0.0
Aymeric Laporte,1,0,0,0,DEF,60,Man City,160,0,0,0,0,0,0,0,0,0,0,0,1,0,0,0,0,0,0,0,0,1.0
Ayotomiwa Dele-Bashiru,0,0,0,1,MID,45,Watford,0,0,0,0,0,0,0,0,0,0,0,0,0,0,0,0,0,0,1,0,0,0.0
Ayoze Pérez,0,0,0,1,MID,57,Leicester,35,0,0,0,0,0,0,0,0,0,1,0,0,0,0,0,0,0,0,0,0,0.0
Bailey Peacock-Farrell,0,0,1,0,GK,45,Burnley,0,0,0,0,0,1,0,0,0,0,0,0,0,0,0,0,0,0,0,0,0,0.0
Bali Mumba,1,0,0,0,DEF,39,Norwich,0,0,0,0,0,0,0,0,0,0,0,0,0,0,0,1,0,0,0,0,0,0.0
Bamidele Alli,0,0,0,1,MID,62,Everton,35,0,0,0,0,0,0,0,1,0,0,0,0,0,0,0,0,0,0,0,0,0.0
Ben Davies,1,0,0,0,DEF,40,Liverpool,0,0,0,0,0,0,0,0,0,0,0,1,0,0,0,0,0,0,0,0,0,-0.0
Ben Davies,1,0,0,0,DEF,40,Spurs,0,0,0,0,0,0,0,0,0,0,0,0,0,0,0,0,0,1,0,0,0,-0.0
Ben Davies,1,0,0,0,DEF,45,Liverpool,105,0,0,0,0,0,0,0,0,0,0,1,0,0,0,0,0,0,0,0,0,0.0
Ben Davies,1,0,0,0,DEF,45,Spurs,105,0,0,0,0,0,0,0,0,0,0,0,0,0,0,0,0,1,0,0,0,0.0
Ben Foster,0,0,1,0,GK,42,Watford,81,0,0,0,0,0,0,0,0,0,0,0,0,0,0,0,0,0,1,0,0,0.0
Ben Gibson,1,0,0,0,DEF,44,Norwich,53,0,0,0,0,0,0,0,0,0,0,0,0,0,0,1,0,0,0,0,0,0.0
Ben Godfrey,1,0,0,0,DEF,47,Everton,45,0,0,0,0,0,0,0,1,0,0,0,0,0,0,0,0,0,0,0,0,0.0
Ben Johnson,1,0,0,0,DEF,39,West Ham,48,0,0,0,0,0,0,0,0,0,0,0,0,0,0,0,0,0,0,1,0,0.0
Ben Mee,1,0,0,0,DEF,46,Burnley,74,0,0,0,0,1,0,0,0,0,0,0,0,0,0,0,0,0,0,0,0,0.0
Ben Nelson,1,0,0,0,DEF,40,Leicester,0,0,0,0,0,0,0,0,0,0,1,0,0,0,0,0,0,0,0,0,0,-0.0
Ben White,1,0,0,0,DEF,46,Arsenal,107,1,0,0,0,0,0,0,0,0,0,0,0,0,0,0,0,0,0,0,0,0.0
Ben Wilmot,1,0,0,0,DEF,45,Watford,0,0,0,0,0,0,0,0,0,0,0,0,0,0,0,0,0,0,1,0,0,0.0
Ben Woodburn,0,0,0,1,MID,45,Liverpool,0,0,0,0,0,0,0,0,0,0,0,1,0,0,0,0,0,0,0,0,0,0.0
Benjamin Chilwell,1,0,0,0,DEF,56,Chelsea,55,0,0,0,0,0,1,0,0,0,0,0,0,0,0,0,0,0,0,0,0,0.0
Benjamin Chrisene,0,0,0,1,MID,45,Aston Villa,0,0,1,0,0,0,0,0,0,0,0,0,0,0,0,0,0,0,0,0,0,-0.0
Benjamin Mendy,1,0,0,0,DEF,52,Man City,3,0,0,0,0,0,0,0,0,0,0,0,1,0,0,0,0,0,0,0,0,0.0
Bernard Anício Caldeira Duarte,0,0,0,1,MID,55,Everton,0,0,0,0,0,0,0,0,1,0,0,0,0,0,0,0,0,0,0,0,0,0.0
Bernardo Fernandes Da Silva Junior,1,0,0,0,DEF,40,Brighton,0,0,0,0,1,0,0,0,0,0,0,0,0,0,0,0,0,0,0,0,0,-0.0
Bernardo Mota Veiga de Carvalho e Silva,0,0,0,1,MID,70,Man City,155,0,0,0,0,0,0,0,0,0,0,0,1,0,0,0,0,0,0,0,0,0.0
Bernd Leno,0,0,1,0,GK,45,Arsenal,10,1,0,0,0,0,0,0,0,0,0,0,0,0,0,0,0,0,0,0,0,0.0
Bertrand Traoré,0,0,0,1,MID,57,Aston Villa,13,0,1,0,0,0,0,0,0,0,0,0,0,0,0,0,0,0,0,0,0,0.0
Billy Gilmour,0,0,0,1,MID,43,Norwich,49,0,0,0,0,0,0,0,0,0,0,0,0,0,0,1,0,0,0,0,0,0.0
Björn Engels,1,0,0,0,DEF,45,Aston Villa,0,0,1,0,0,0,0,0,0,0,0,0,0,0,0,0,0,0,0,0,0,-0.0
Bobby Thomas,1,0,0,0,DEF,39,Burnley,0,0,0,0,0,1,0,0,0,0,0,0,0,0,0,0,0,0,0,0,0,-0.0
Boubakary Soumaré,0,0,0,1,MID,48,Leicester,36,0,0,0,0,0,0,0,0,0,1,0,0,0,0,0,0,0,0,0,0,0.0
Brandon Austin,0,0,1,0,GK,40,Spurs,0,0,0,0,0,0,0,0,0,0,0,0,0,0,0,0,0,1,0,0,0,0.0
Brandon Williams,1,0,0,0,DEF,39,Norwich,36,0,0,0,0,0,0,0,0,0,0,0,0,0,0,1,0,0,0,0,0,0.0
Bruno André Cavaco Jordão,0,0,0,1,MID,45,Wolves,0,0,0,0,0,0,0,0,0,0,0,0,0,0,0,0,0,0,0,0,1,-0.0
Bruno Guimarães Rodriguez Moura,0,0,0,1,MID,50,Newcastle,67,0,0,0,0,0,0,0,0,0,0,0,0,0,1,0,0,0,0,0,0,0.0
Bruno Miguel Borges Fernandes,0,0,0,1,MID,116,Man Utd,151,0,0,0,0,0,0,0,0,0,0,0,0,1,0,0,0,0,0,0,0,0.0
Bryan Gil Salvatierra,0,0,0,1,MID,57,Spurs,9,0,0,0,0,0,0,0,0,0,0,0,0,0,0,0,0,1,0,0,0,0.0
Bryan Mbeumo,0,0,0,1,MID,52,Brentford,119,0,0,1,0,0,0,0,0,0,0,0,0,0,0,0,0,0,0,0,0,0.0
Bukayo Saka,0,0,0,1,MID,67,Arsenal,179,1,0,0,0,0,0,0,0,0,0,0,0,0,0,0,0,0,0,0,0,0.0
Callum Hudson-Odoi,0,0,0,1,MID,53,Chelsea,49,0,0,0,0,0,1,0,0,0,0,0,0,0,0,0,0,0,0,0,0,0.0
Callum Wilson,0,1,0,0,FWD,71,Newcastle,75,0,0,0,0,0,0,0,0,0,0,0,0,0,1,0,0,0,0,0,0,0.0
Calum Chambers,1,0,0,0,DEF,42,Aston Villa,42,0,1,0,0,0,0,0,0,0,0,0,0,0,0,0,0,0,0,0,0,0.0
Cameron Archer,0,1,0,0,FWD,45,Aston Villa,3,0,1,0,0,0,0,0,0,0,0,0,0,0,0,0,0,0,0,0,0,0.0
Caoimhin Kelleher,0,0,1,0,GK,43,Liverpool,8,0,0,0,0,0,0,0,0,0,0,1,0,0,0,0,0,0,0,0,0,0.0
Carney Chukwuemeka,0,0,0,1,MID,45,Aston Villa,16,0,1,0,0,0,0,0,0,0,0,0,0,0,0,0,0,0,0,0,0,0.0
Cenk Tosun,0,1,0,0,FWD,50,Everton,1,0,0,0,0,0,0,0,1,0,0,0,0,0,0,0,0,0,0,0,0,0.0
Charlie Cresswell,1,0,0,0,DEF,40,Leeds,4,0,0,0,0,0,0,0,0,1,0,0,0,0,0,0,0,0,0,0,0,0.0
Charlie Goode,1,0,0,0,DEF,39,Brentford,10,0,0,1,0,0,0,0,0,0,0,0,0,0,0,0,0,0,0,0,0,0.0
Charlie Patino,0,0,0,1,MID,45,Arsenal,0,1,0,0,0,0,0,0,0,0,0,0,0,0,0,0,0,0,0,0,0,-0.0
Charlie Savage,0,0,0,1,MID,45,Man Utd,0,0,0,0,0,0,0,0,0,0,0,0,0,1,0,0,0,0,0,0,0,0.0
Charlie Taylor,1,0,0,0,DEF,44,Burnley,78,0,0,0,0,1,0,0,0,0,0,0,0,0,0,0,0,0,0,0,0,0.0
Charlie Whitaker,0,0,0,1,MID,45,Everton,0,0,0,0,0,0,0,0,1,0,0,0,0,0,0,0,0,0,0,0,0,0.0
Che Adams,0,1,0,0,FWD,65,Southampton,103,0,0,0,0,0,0,0,0,0,0,0,0,0,0,0,1,0,0,0,0,0.0
Cheikhou Kouyaté,1,0,0,0,DEF,45,Crystal Palace,77,0,0,0,0,0,0,1,0,0,0,0,0,0,0,0,0,0,0,0,0,0.0
Chem Campbell,0,0,0,1,MID,44,Wolves,1,0,0,0,0,0,0,0,0,0,0,0,0,0,0,0,0,0,0,0,1,0.0
Chris Wood,0,1,0,0,FWD,63,Newcastle,91,0,0,0,0,0,0,0,0,0,0,0,0,0,1,0,0,0,0,0,0,0.0
Christian Benteke,0,1,0,0,FWD,59,Crystal Palace,58,0,0,0,0,0,0,1,0,0,0,0,0,0,0,0,0,0,0,0,0,0.0
Christian Eriksen,0,0,0,1,MID,56,Brentford,43,0,0,1,0,0,0,0,0,0,0,0,0,0,0,0,0,0,0,0,0,0.0
Christian Kabasele,1,0,0,0,DEF,43,Watford,21,0,0,0,0,0,0,0,0,0,0,0,0,0,0,0,0,0,1,0,0,0.0
Christian Marques,1,0,0,0,DEF,40,Wolves,0,0,0,0,0,0,0,0,0,0,0,0,0,0,0,0,0,0,0,0,1,-0.0
Christian Nørgaard,0,0,0,1,MID,50,Brentford,101,0,0,1,0,0,0,0,0,0,0,0,0,0,0,0,0,0,0,0,0,0.0
Christian Pulisic,0,0,0,1,MID,79,Chelsea,77,0,0,0,0,0,1,0,0,0,0,0,0,0,0,0,0,0,0,0,0,0.0
Christoph Zimmermann,1,0,0,0,DEF,44,Norwich,0,0,0,0,0,0,0,0,0,0,0,0,0,0,0,1,0,0,0,0,0,0.0
Christos Tzolis,0,0,0,1,MID,48,Norwich,16,0,0,0,0,0,0,0,0,0,0,0,0,0,0,1,0,0,0,0,0,0.0
Ciaran Clark,1,0,0,0,DEF,44,Newcastle,14,0,0,0,0,0,0,0,0,0,0,0,0,0,1,0,0,0,0,0,0,0.0
Cieran Slicker,0,0,1,0,GK,40,Man City,0,0,0,0,0,0,0,0,0,0,0,0,1,0,0,0,0,0,0,0,0,0.0
Cody Drameh,1,0,0,0,DEF,39,Leeds,0,0,0,0,0,0,0,0,0,1,0,0,0,0,0,0,0,0,0,0,0,0.0
Cole Palmer,0,0,0,1,MID,45,Man City,9,0,0,0,0,0,0,0,0,0,0,0,1,0,0,0,0,0,0,0,0,0.0
Connor Roberts,1,0,0,0,DEF,44,Burnley,69,0,0,0,0,1,0,0,0,0,0,0,0,0,0,0,0,0,0,0,0,0.0
Conor Bradley,1,0,0,0,DEF,40,Liverpool,0,0,0,0,0,0,0,0,0,0,0,1,0,0,0,0,0,0,0,0,0,0.0
Conor Coady,1,0,0,0,DEF,47,Wolves,138,0,0,0,0,0,0,0,0,0,0,0,0,0,0,0,0,0,0,0,1,0.0
Conor Coventry,0,0,0,1,MID,45,West Ham,0,0,0,0,0,0,0,0,0,0,0,0,0,0,0,0,0,0,0,1,0,0.0
Conor Gallagher,0,0,0,1,MID,60,Crystal Palace,140,0,0,0,0,0,0,1,0,0,0,0,0,0,0,0,0,0,0,0,0,0.0
Conor Hourihane,0,0,0,1,MID,49,Aston Villa,0,0,1,0,0,0,0,0,0,0,0,0,0,0,0,0,0,0,0,0,0,0.0
Conrad Egan-Riley,1,0,0,0,DEF,40,Man City,1,0,0,0,0,0,0,0,0,0,0,0,1,0,0,0,0,0,0,0,0,0.0
Craig Cathcart,1,0,0,0,DEF,42,Watford,50,0,0,0,0,0,0,0,0,0,0,0,0,0,0,0,0,0,1,0,0,0.0
Craig Dawson,1,0,0,0,DEF,49,West Ham,90,0,0,0,0,0,0,0,0,0,0,0,0,0,0,0,0,0,0,1,0,0.0
Cristian Romero,1,0,0,0,DEF,48,Spurs,63,0,0,0,0,0,0,0,0,0,0,0,0,0,0,0,0,1,0,0,0,0.0
Cristiano Ronaldo dos Santos Aveiro,0,1,0,0,FWD,122,Man Utd,159,0,0,0,0,0,0,0,0,0,0,0,0,1,0,0,0,0,0,0,0,0.0
Crysencio Summerville,0,0,0,1,MID,45,Leeds,6,0,0,0,0,0,0,0,0,1,0,0,0,0,0,0,0,0,0,0,0,0.0
Curtis Jones,0,0,0,1,MID,50,Liverpool,40,0,0,0,0,0,0,0,0,0,0,1,0,0,0,0,0,0,0,0,0,0.0
Cédric Soares,1,0,0,0,DEF,42,Arsenal,48,1,0,0,0,0,0,0,0,0,0,0,0,0,0,0,0,0,0,0,0,0.0
César Azpilicueta,1,0,0,0,DEF,56,Chelsea,87,0,0,0,0,0,1,0,0,0,0,0,0,0,0,0,0,0,0,0,0,0.0
Dale Stephens,0,0,0,1,MID,44,Burnley,4,0,0,0,0,1,0,0,0,0,0,0,0,0,0,0,0,0,0,0,0,0.0
Dan Burn,1,0,0,0,DEF,44,Newcastle,92,0,0,0,0,0,0,0,0,0,0,0,0,0,1,0,0,0,0,0,0,0.0
Dan Gosling,0,0,0,1,MID,47,Watford,11,0,0,0,0,0,0,0,0,0,0,0,0,0,0,0,0,0,1,0,0,0.0
Dane Scarlett,0,1,0,0,FWD,45,Spurs,1,0,0,0,0,0,0,0,0,0,0,0,0,0,0,0,0,1,0,0,0,0.0
Daniel Amartey,1,0,0,0,DEF,40,Leicester,55,0,0,0,0,0,0,0,0,0,1,0,0,0,0,0,0,0,0,0,0,0.0
Daniel Bachmann,0,0,1,0,GK,40,Watford,25,0,0,0,0,0,0,0,0,0,0,0,0,0,0,0,0,0,1,0,0,0.0
Daniel Castelo Podence,0,0,0,1,MID,55,Wolves,70,0,0,0,0,0,0,0,0,0,0,0,0,0,0,0,0,0,0,0,1,0.0
Daniel Chesters,0,0,0,1,MID,45,West Ham,1,0,0,0,0,0,0,0,0,0,0,0,0,0,0,0,0,0,0,1,0,-0.0
Daniel James,0,0,0,1,MID,60,Leeds,91,0,0,0,0,0,0,0,0,1,0,0,0,0,0,0,0,0,0,0,0,0.0
Daniel N'Lundulu,0,1,0,0,FWD,45,Southampton,0,0,0,0,0,0,0,0,0,0,0,0,0,0,0,0,1,0,0,0,0,-0.0
Danny Ings,0,1,0,0,FWD,77,Aston Villa,106,0,1,0,0,0,0,0,0,0,0,0,0,0,0,0,0,0,0,0,0,0.0
Danny Rose,1,0,0,0,DEF,42,Watford,7,0,0,0,0,0,0,0,0,0,0,0,0,0,0,0,0,0,1,0,0,0.0
Danny Ward,0,0,1,0,GK,40,Leicester,3,0,0,0,0,0,0,0,0,0,1,0,0,0,0,0,0,0,0,0,0,0.0
Danny Welbeck,0,1,0,0,FWD,60,Brighton,89,0,0,0,1,0,0,0,0,0,0,0,0,0,0,0,0,0,0,0,0,0.0
Dara Costelloe,0,0,0,1,MID,45,Burnley,0,0,0,0,0,1,0,0,0,0,0,0,0,0,0,0,0,0,0,0,0,0.0
Darren Randolph,0,0,1,0,GK,43,West Ham,0,0,0,0,0,0,0,0,0,0,0,0,0,0,0,0,0,0,0,1,0,0.0
David Raya Martin,0,0,1,0,GK,44,Brentford,95,0,0,1,0,0,0,0,0,0,0,0,0,0,0,0,0,0,0,0,0,0.0
David de Gea,0,0,1,0,GK,50,Man Utd,132,0,0,0,0,0,0,0,0,0,0,0,0,1,0,0,0,0,0,0,0,0.0
Davinson Sánchez,1,0,0,0,DEF,42,Spurs,93,0,0,0,0,0,0,0,0,0,0,0,0,0,0,0,0,1,0,0,0,0.0
Davy Pröpper,0,0,0,1,MID,45,Brighton,0,0,0,0,1,0,0,0,0,0,0,0,0,0,0,0,0,0,0,0,0,-0.0
Dean Henderson,0,0,1,0,GK,47,Man Utd,0,0,0,0,0,0,0,0,0,0,0,0,0,1,0,0,0,0,0,0,0,0.0
Declan Rice,0,0,0,1,MID,50,West Ham,95,0,0,0,0,0,0,0,0,0,0,0,0,0,0,0,0,0,0,1,0,0.0
Dejan Kulusevski,0,0,0,1,MID,63,Spurs,99,0,0,0,0,0,0,0,0,0,0,0,0,0,0,0,0,1,0,0,0,0.0
Demarai Gray,0,0,0,1,MID,54,Everton,106,0,0,0,0,0,0,0,1,0,0,0,0,0,0,0,0,0,0,0,0,0.0
Dennis Praet,0,0,0,1,MID,49,Leicester,0,0,0,0,0,0,0,0,0,0,1,0,0,0,0,0,0,0,0,0,0,0.0
Diego Llorente,1,0,0,0,DEF,45,Leeds,77,0,0,0,0,0,0,0,0,1,0,0,0,0,0,0,0,0,0,0,0,0.0
Dilan Markanday,0,0,0,1,MID,45,Spurs,0,0,0,0,0,0,0,0,0,0,0,0,0,0,0,0,0,1,0,0,0,0.0
Dimitris Giannoulis,1,0,0,0,DEF,44,Norwich,39,0,0,0,0,0,0,0,0,0,0,0,0,0,0,1,0,0,0,0,0,0.0
Diogo Jota,0,0,0,1,MID,83,Liverpool,175,0,0,0,0,0,0,0,0,0,0,1,0,0,0,0,0,0,0,0,0,0.0
Dion Sanderson,1,0,0,0,DEF,40,Wolves,0,0,0,0,0,0,0,0,0,0,0,0,0,0,0,0,0,0,0,0,1,0.0
Divock Origi,0,1,0,0,FWD,48,Liverpool,22,0,0,0,0,0,0,0,0,0,0,1,0,0,0,0,0,0,0,0,0,0.0
Domingos Quina,0,0,0,1,MID,45,Watford,0,0,0,0,0,0,0,0,0,0,0,0,0,0,0,0,0,0,1,0,0,-0.0
Dominic Calvert-Lewin,0,1,0,0,FWD,77,Everton,64,0,0,0,0,0,0,0,1,0,0,0,0,0,0,0,0,0,0,0,0,0.0
Dominic Thompson,1,0,0,0,DEF,44,Brentford,3,0,0,1,0,0,0,0,0,0,0,0,0,0,0,0,0,0,0,0,0,0.0
Donny van de Beek,0,0,0,1,MID,57,Everton,31,0,0,0,0,0,0,0,1,0,0,0,0,0,0,0,0,0,0,0,0,0.0
Douglas Luiz Soares de Paulo,0,0,0,1,MID,43,Aston Villa,89,0,1,0,0,0,0,0,0,0,0,0,0,0,0,0,0,0,0,0,0,0.0
Dwight Gayle,0,1,0,0,FWD,52,Newcastle,7,0,0,0,0,0,0,0,0,0,0,0,0,0,1,0,0,0,0,0,0,0.0
Dwight McNeil,0,0,0,1,MID,55,Burnley,84,0,0,0,0,1,0,0,0,0,0,0,0,0,0,0,0,0,0,0,0,0.0
Dynel Simeu,1,0,0,0,DEF,40,Southampton,0,0,0,0,0,0,0,0,0,0,0,0,0,0,0,0,1,0,0,0,0,-0.0
Eberechi Eze,0,0,0,1,MID,59,Crystal Palace,31,0,0,0,0,0,0,1,0,0,0,0,0,0,0,0,0,0,0,0,0,0.0
Ed Turns,1,0,0,0,DEF,40,Brighton,0,0,0,0,1,0,0,0,0,0,0,0,0,0,0,0,0,0,0,0,0,0.0
Ederson Santana de Moraes,0,0,1,0,GK,62,Man City,155,0,0,0,0,0,0,0,0,0,0,0,1,0,0,0,0,0,0,0,0,0.0
Edinson Cavani,0,1,0,0,FWD,84,Man Utd,34,0,0,0,0,0,0,0,0,0,0,0,0,1,0,0,0,0,0,0,0,0.0
Edo Kayembe,0,0,0,1,MID,45,Watford,24,0,0,0,0,0,0,0,0,0,0,0,0,0,0,0,0,0,1,0,0,0.0
Edouard Mendy,0,0,1,0,GK,61,Chelsea,130,0,0,0,0,0,1,0,0,0,0,0,0,0,0,0,0,0,0,0,0,0.0
Edward Nketiah,0,1,0,0,FWD,57,Arsenal,55,1,0,0,0,0,0,0,0,0,0,0,0,0,0,0,0,0,0,0,0,0.0
Eldin Jakupovic,0,0,1,0,GK,39,Leicester,0,0,0,0,0,0,0,0,0,0,1,0,0,0,0,0,0,0,0,0,0,0.0
Ellery Balcombe,0,0,1,0,GK,40,Brentford,0,0,0,1,0,0,0,0,0,0,0,0,0,0,0,0,0,0,0,0,0,0.0
Elliot Anderson,0,0,0,1,MID,45,Newcastle,0,0,0,0,0,0,0,0,0,0,0,0,0,0,1,0,0,0,0,0,0,-0.0
Ellis Simms,0,1,0,0,FWD,45,Everton,2,0,0,0,0,0,0,0,1,0,0,0,0,0,0,0,0,0,0,0,0,-0.0
Emerson Aparecido Leite de Souza Junior,1,0,0,0,DEF,46,Spurs,102,0,0,0,0,0,0,0,0,0,0,0,0,0,0,0,0,1,0,0,0,0.0
Emerson Palmieri dos Santos,1,0,0,0,DEF,45,Chelsea,1,0,0,0,0,0,1,0,0,0,0,0,0,0,0,0,0,0,0,0,0,0.0
Emil Krafth,1,0,0,0,DEF,43,Newcastle,58,0,0,0,0,0,0,0,0,0,0,0,0,0,1,0,0,0,0,0,0,0.0
Emile Smith Rowe,0,0,0,1,MID,57,Arsenal,125,1,0,0,0,0,0,0,0,0,0,0,0,0,0,0,0,0,0,0,0,0.0
Emiliano Buendía Stati,0,0,0,1,MID,61,Aston Villa,107,0,1,0,0,0,0,0,0,0,0,0,0,0,0,0,0,0,0,0,0,0.0
Emiliano Martínez,0,0,1,0,GK,55,Aston Villa,129,0,1,0,0,0,0,0,0,0,0,0,0,0,0,0,0,0,0,0,0,0.0
Emmanuel Dennis,0,1,0,0,FWD,58,Watford,134,0,0,0,0,0,0,0,0,0,0,0,0,0,0,0,0,0,1,0,0,0.0
Enock Mwepu,0,0,0,1,MID,59,Brighton,58,0,0,0,1,0,0,0,0,0,0,0,0,0,0,0,0,0,0,0,0,0.0
Eric Bailly,1,0,0,0,DEF,49,Man Utd,2,0,0,0,0,0,0,0,0,0,0,0,0,1,0,0,0,0,0,0,0,0.0
Eric Dier,1,0,0,0,DEF,47,Spurs,132,0,0,0,0,0,0,0,0,0,0,0,0,0,0,0,0,1,0,0,0,0.0
Erik Lamela,0,0,0,1,MID,60,Spurs,0,0,0,0,0,0,0,0,0,0,0,0,0,0,0,0,0,1,0,0,0,0.0
Erik Pieters,1,0,0,0,DEF,41,Burnley,37,0,0,0,0,1,0,0,0,0,0,0,0,0,0,0,0,0,0,0,0,0.0
Ethan Ampadu,1,0,0,0,DEF,45,Chelsea,0,0,0,0,0,0,1,0,0,0,0,0,0,0,0,0,0,0,0,0,0,0.0
Ethan Pinnock,1,0,0,0,DEF,44,Brentford,90,0,0,1,0,0,0,0,0,0,0,0,0,0,0,0,0,0,0,0,0,0.0
Evan Ferguson,0,1,0,0,FWD,45,Brighton,1,0,0,0,1,0,0,0,0,0,0,0,0,0,0,0,0,0,0,0,0,0.0
Ezri Konsa Ngoyo,1,0,0,0,DEF,49,Aston Villa,78,0,1,0,0,0,0,0,0,0,0,0,0,0,0,0,0,0,0,0,0,0.0
Fabian Delph,0,0,0,1,MID,42,Everton,18,0,0,0,0,0,0,0,1,0,0,0,0,0,0,0,0,0,0,0,0,0.0
Fabian Schär,1,0,0,0,DEF,41,Newcastle,88,0,0,0,0,0,0,0,0,0,0,0,0,0,1,0,0,0,0,0,0,0.0
Fabio Henrique Tavares,0,0,0,1,MID,54,Liverpool,97,0,0,0,0,0,0,0,0,0,0,1,0,0,0,0,0,0,0,0,0,0.0
Fabio Silva,0,1,0,0,FWD,56,Wolves,30,0,0,0,0,0,0,0,0,0,0,0,0,0,0,0,0,0,0,0,1,0.0
Federico Fernández,1,0,0,0,DEF,43,Newcastle,11,0,0,0,0,0,0,0,0,0,0,0,0,0,1,0,0,0,0,0,0,0.0
Fernando Luiz Rosa,0,0,0,1,MID,47,Man City,45,0,0,0,0,0,0,0,0,0,0,0,1,0,0,0,0,0,0,0,0,0.0
Fernando Marçal,1,0,0,0,DEF,42,Wolves,67,0,0,0,0,0,0,0,0,0,0,0,0,0,0,0,0,0,0,0,1,0.0
Ferran Torres,0,0,0,1,MID,67,Man City,26,0,0,0,0,0,0,0,0,0,0,0,1,0,0,0,0,0,0,0,0,0.0
Filip Marschall,0,0,1,0,GK,40,Aston Villa,0,0,1,0,0,0,0,0,0,0,0,0,0,0,0,0,0,0,0,0,0,0.0
Finley Stevens,1,0,0,0,DEF,39,Brentford,1,0,0,1,0,0,0,0,0,0,0,0,0,0,0,0,0,0,0,0,0,0.0
Florin Andone,0,1,0,0,FWD,50,Brighton,0,0,0,0,1,0,0,0,0,0,0,0,0,0,0,0,0,0,0,0,0,0.0
Folarin Balogun,0,1,0,0,FWD,47,Arsenal,2,1,0,0,0,0,0,0,0,0,0,0,0,0,0,0,0,0,0,0,0,0.0
Francisco Casilla Cortés,0,0,1,0,GK,45,Leeds,0,0,0,0,0,0,0,0,0,1,0,0,0,0,0,0,0,0,0,0,0,0.0
Francisco Femenía Far,1,0,0,0,DEF,43,Watford,53,0,0,0,0,0,0,0,0,0,0,0,0,0,0,0,0,0,1,0,0,0.0
Francisco Jorge Tomás Oliveira,0,0,0,1,MID,55,Wolves,20,0,0,0,0,0,0,0,0,0,0,0,0,0,0,0,0,0,0,0,1,0.0
Francisco Machado Mota de Castro Trincão,0,0,0,1,MID,56,Wolves,66,0,0,0,0,0,0,0,0,0,0,0,0,0,0,0,0,0,0,0,1,0.0
Francisco Sierralta,1,0,0,0,DEF,43,Watford,5,0,0,0,0,0,0,0,0,0,0,0,0,0,0,0,0,0,1,0,0,0.0
Frank Onyeka,0,0,0,1,MID,49,Brentford,35,0,0,1,0,0,0,0,0,0,0,0,0,0,0,0,0,0,0,0,0,-0.0
Fraser Forster,0,0,1,0,GK,44,Southampton,57,0,0,0,0,0,0,0,0,0,0,0,0,0,0,0,1,0,0,0,0,0.0
Freddie Woodman,0,0,1,0,GK,43,Newcastle,9,0,0,0,0,0,0,0,0,0,0,0,0,0,1,0,0,0,0,0,0,0.0
Frederico Rodrigues de Paula Santos,0,0,0,1,MID,49,Man Utd,93,0,0,0,0,0,0,0,0,0,0,0,0,1,0,0,0,0,0,0,0,0.0
Frederik Alves,1,0,0,0,DEF,40,West Ham,0,0,0,0,0,0,0,0,0,0,0,0,0,0,0,0,0,0,0,1,0,0.0
Frédéric Guilbert,1,0,0,0,DEF,45,Aston Villa,0,0,1,0,0,0,0,0,0,0,0,0,0,0,0,0,0,0,0,0,0,0.0
Gabriel Fernando de Jesus,0,1,0,0,FWD,86,Man City,120,0,0,0,0,0,0,0,0,0,0,0,1,0,0,0,0,0,0,0,0,0.0
Gabriel Magalhães,1,0,0,0,DEF,53,Arsenal,146,1,0,0,0,0,0,0,0,0,0,0,0,0,0,0,0,0,0,0,0,0.0
Gabriel Teodoro Martinelli Silva,0,0,0,1,MID,53,Arsenal,110,1,0,0,0,0,0,0,0,0,0,0,0,0,0,0,0,0,0,0,0,0.0
Giovani Lo Celso,0,0,0,1,MID,59,Spurs,11,0,0,0,0,0,0,0,0,0,0,0,0,0,0,0,0,1,0,0,0,0.0
Granit Xhaka,0,0,0,1,MID,48,Arsenal,60,1,0,0,0,0,0,0,0,0,0,0,0,0,0,0,0,0,0,0,0,0.0
Grant Hanley,1,0,0,0,DEF,44,Norwich,71,0,0,0,0,0,0,0,0,0,0,0,0,0,0,1,0,0,0,0,0,0.0
Gylfi Sigurdsson,0,0,0,1,MID,67,Everton,0,0,0,0,0,0,0,0,1,0,0,0,0,0,0,0,0,0,0,0,0,0.0
Hakim Ziyech,0,0,0,1,MID,73,Chelsea,79,0,0,0,0,0,1,0,0,0,0,0,0,0,0,0,0,0,0,0,0,0.0
Halil Dervişoğlu,0,1,0,0,FWD,54,Brentford,0,0,0,1,0,0,0,0,0,0,0,0,0,0,0,0,0,0,0,0,0,0.0
Hamza Choudhury,0,0,0,1,MID,44,Leicester,8,0,0,0,0,0,0,0,0,0,1,0,0,0,0,0,0,0,0,0,0,0.0
Hannibal Mejbri,0,0,0,1,MID,45,Man Utd,1,0,0,0,0,0,0,0,0,0,0,0,0,1,0,0,0,0,0,0,0,-0.0
Harrison Ashby,1,0,0,0,DEF,40,West Ham,1,0,0,0,0,0,0,0,0,0,0,0,0,0,0,0,0,0,0,1,0,0.0
Harry Kane,0,1,0,0,FWD,125,Spurs,192,0,0,0,0,0,0,0,0,0,0,0,0,0,0,0,0,1,0,0,0,1.0
Harry Lewis,0,0,1,0,GK,39,Southampton,0,0,0,0,0,0,0,0,0,0,0,0,0,0,0,0,1,0,0,0,0,0.0
Harry Maguire,1,0,0,0,DEF,54,Man Utd,69,0,0,0,0,0,0,0,0,0,0,0,0,1,0,0,0,0,0,0,0,0.0
Harry Tyrer,0,0,1,0,GK,40,Everton,0,0,0,0,0,0,0,0,1,0,0,0,0,0,0,0,0,0,0,0,0,0.0
Harry Winks,0,0,0,1,MID,44,Spurs,33,0,0,0,0,0,0,0,0,0,0,0,0,0,0,0,0,1,0,0,0,0.0
Harvey Barnes,0,0,0,1,MID,65,Leicester,137,0,0,0,0,0,0,0,0,0,1,0,0,0,0,0,0,0,0,0,0,0.0
Harvey Elliott,0,0,0,1,MID,53,Liverpool,12,0,0,0,0,0,0,0,0,0,0,1,0,0,0,0,0,0,0,0,0,0.0
Harvey Vale,0,0,0,1,MID,45,Chelsea,0,0,0,0,0,0,1,0,0,0,0,0,0,0,0,0,0,0,0,0,0,-0.0
Harvey White,0,0,0,1,MID,44,Spurs,0,0,0,0,0,0,0,0,0,0,0,0,0,0,0,0,0,1,0,0,0,0.0
Hassane Kamara,1,0,0,0,DEF,45,Watford,38,0,0,0,0,0,0,0,0,0,0,0,0,0,0,0,0,0,1,0,0,0.0
Haydon Roberts,1,0,0,0,DEF,39,Brighton,0,0,0,0,1,0,0,0,0,0,0,0,0,0,0,0,0,0,0,0,0,0.0
Hee-Chan Hwang,0,1,0,0,FWD,54,Wolves,81,0,0,0,0,0,0,0,0,0,0,0,0,0,0,0,0,0,0,0,1,0.0
Heung-Min Son,0,0,0,1,MID,112,Spurs,258,0,0,0,0,0,0,0,0,0,0,0,0,0,0,0,0,1,0,0,0,1.0
Hugo Bueno,1,0,0,0,DEF,40,Wolves,0,0,0,0,0,0,0,0,0,0,0,0,0,0,0,0,0,0,0,0,1,-0.0
Hugo Lloris,0,0,1,0,GK,55,Spurs,158,0,0,0,0,0,0,0,0,0,0,0,0,0,0,0,0,1,0,0,0,1.0
Héctor Bellerín,1,0,0,0,DEF,48,Arsenal,0,1,0,0,0,0,0,0,0,0,0,0,0,0,0,0,0,0,0,0,0,0.0
Héctor Junior Firpo Adames,1,0,0,0,DEF,47,Leeds,22,0,0,0,0,0,0,0,0,1,0,0,0,0,0,0,0,0,0,0,0,0.0
Hélder Wander Sousa de Azevedo e Costa,0,0,0,1,MID,54,Leeds,1,0,0,0,0,0,0,0,0,1,0,0,0,0,0,0,0,0,0,0,0,0.0
Ian Carlo Poveda-Ocampo,0,0,0,1,MID,45,Leeds,0,0,0,0,0,0,0,0,0,1,0,0,0,0,0,0,0,0,0,0,0,0.0
Ibrahima Diallo,0,0,0,1,MID,45,Southampton,44,0,0,0,0,0,0,0,0,0,0,0,0,0,0,0,1,0,0,0,0,0.0
Ibrahima Konaté,1,0,0,0,DEF,51,Liverpool,33,0,0,0,0,0,0,0,0,0,0,1,0,0,0,0,0,0,0,0,0,0.0
Ilkay Gündogan,0,0,0,1,MID,71,Man City,124,0,0,0,0,0,0,0,0,0,0,0,1,0,0,0,0,0,0,0,0,0.0
Illan Meslier,0,0,1,0,GK,48,Leeds,106,0,0,0,0,0,0,0,0,1,0,0,0,0,0,0,0,0,0,0,0,0.0
Imrân Louza,0,0,0,1,MID,52,Watford,31,0,0,0,0,0,0,0,0,0,0,0,0,0,0,0,0,0,1,0,0,0.0
Isaac Hayden,0,0,0,1,MID,45,Newcastle,28,0,0,0,0,0,0,0,0,0,0,0,0,0,1,0,0,0,0,0,0,0.0
Isaac Price,0,0,0,1,MID,45,Everton,1,0,0,0,0,0,0,0,1,0,0,0,0,0,0,0,0,0,0,0,0,0.0
Isaac Success Ajayi,0,1,0,0,FWD,50,Watford,0,0,0,0,0,0,0,0,0,0,0,0,0,0,0,0,0,0,1,0,0,0.0
Ismaila Sarr,0,0,0,1,MID,57,Watford,81,0,0,0,0,0,0,0,0,0,0,0,0,0,0,0,0,0,1,0,0,0.0
Issa Diop,1,0,0,0,DEF,42,West Ham,30,0,0,0,0,0,0,0,0,0,0,0,0,0,0,0,0,0,0,1,0,0.0
Ivan Toney,0,1,0,0,FWD,69,Brentford,139,0,0,1,0,0,0,0,0,0,0,0,0,0,0,0,0,0,0,0,0,0.0
Jack Butland,0,0,1,0,GK,44,Crystal Palace,30,0,0,0,0,0,0,1,0,0,0,0,0,0,0,0,0,0,0,0,0,0.0
Jack Cork,0,0,0,1,MID,44,Burnley,48,0,0,0,0,1,0,0,0,0,0,0,0,0,0,0,0,0,0,0,0,0.0
Jack Grealish,0,0,0,1,MID,75,Man City,86,0,0,0,0,0,0,0,0,0,0,0,1,0,0,0,0,0,0,0,0,0.0
Jack Grieves,0,1,0,0,FWD,45,Watford,0,0,0,0,0,0,0,0,0,0,0,0,0,0,0,0,0,0,1,0,0,0.0
Jack Harrison,0,0,0,1,MID,55,Leeds,117,0,0,0,0,0,0,0,0,1,0,0,0,0,0,0,0,0,0,0,0,0.0
Jack Jenkins,0,0,0,1,MID,45,Leeds,0,0,0,0,0,0,0,0,0,1,0,0,0,0,0,0,0,0,0,0,0,-0.0
Jack Stephens,1,0,0,0,DEF,44,Southampton,12,0,0,0,0,0,0,0,0,0,0,0,0,0,0,0,1,0,0,0,0,0.0
Jacob Murphy,0,0,0,1,MID,46,Newcastle,62,0,0,0,0,0,0,0,0,0,0,0,0,0,1,0,0,0,0,0,0,0.0
Jacob Ramsey,0,0,0,1,MID,47,Aston Villa,109,0,1,0,0,0,0,0,0,0,0,0,0,0,0,0,0,0,0,0,0,0.0
Jacob Sørensen,1,0,0,0,DEF,43,Norwich,9,0,0,0,0,0,0,0,0,0,0,0,0,0,0,1,0,0,0,0,0,0.0
Jaden Philogene-Bidace,0,0,0,1,MID,50,Aston Villa,1,0,1,0,0,0,0,0,0,0,0,0,0,0,0,0,0,0,0,0,0,0.0
Jadon Sancho,0,0,0,1,MID,89,Man Utd,91,0,0,0,0,0,0,0,0,0,0,0,0,1,0,0,0,0,0,0,0,0.0
Jairo Riedewald,0,0,0,1,MID,47,Crystal Palace,4,0,0,0,0,0,0,1,0,0,0,0,0,0,0,0,0,0,0,0,0,0.0
Jakub Moder,0,0,0,1,MID,45,Brighton,58,0,0,0,1,0,0,0,0,0,0,0,0,0,0,0,0,0,0,0,0,0.0
Jamaal Lascelles,1,0,0,0,DEF,44,Newcastle,47,0,0,0,0,0,0,0,0,0,0,0,0,0,1,0,0,0,0,0,0,0.0
Jamal Baptiste,1,0,0,0,DEF,39,West Ham,0,0,0,0,0,0,0,0,0,0,0,0,0,0,0,0,0,0,0,1,0,-0.0
Jamal Lewis,1,0,0,0,DEF,42,Newcastle,10,0,0,0,0,0,0,0,0,0,0,0,0,0,1,0,0,0,0,0,0,0.0
James Justin,1,0,0,0,DEF,49,Leicester,29,0,0,0,0,0,0,0,0,0,1,0,0,0,0,0,0,0,0,0,0,0.0
James Maddison,0,0,0,1,MID,69,Leicester,181,0,0,0,0,0,0,0,0,0,1,0,0,0,0,0,0,0,0,0,0,1.0
James McArthur,0,0,0,1,MID,43,Crystal Palace,54,0,0,0,0,0,0,1,0,0,0,0,0,0,0,0,0,0,0,0,0,0.0
James McAtee,0,0,0,1,MID,44,Man City,2,0,0,0,0,0,0,0,0,0,0,0,1,0,0,0,0,0,0,0,0,0.0
James Milner,0,0,0,1,MID,49,Liverpool,38,0,0,0,0,0,0,0,0,0,0,1,0,0,0,0,0,0,0,0,0,0.0
James Morris,1,0,0,0,DEF,40,Watford,0,0,0,0,0,0,0,0,0,0,0,0,0,0,0,0,0,0,1,0,0,-0.0
James Rodríguez,0,0,0,1,MID,69,Everton,0,0,0,0,0,0,0,0,1,0,0,0,0,0,0,0,0,0,0,0,0,0.0
James Storer,0,0,1,0,GK,40,Wolves,0,0,0,0,0,0,0,0,0,0,0,0,0,0,0,0,0,0,0,0,1,0.0
James Tarkowski,1,0,0,0,DEF,49,Burnley,83,0,0,0,0,1,0,0,0,0,0,0,0,0,0,0,0,0,0,0,0,0.0
James Tomkins,1,0,0,0,DEF,43,Crystal Palace,17,0,0,0,0,0,0,1,0,0,0,0,0,0,0,0,0,0,0,0,0,0.0
James Ward-Prowse,0,0,0,1,MID,64,Southampton,159,0,0,0,0,0,0,0,0,0,0,0,0,0,0,0,1,0,0,0,0,0.0
Jamie Bowden,0,0,0,1,MID,45,Spurs,0,0,0,0,0,0,0,0,0,0,0,0,0,0,0,0,0,1,0,0,0,-0.0
Jamie Shackleton,0,0,0,1,MID,44,Leeds,19,0,0,0,0,0,0,0,0,1,0,0,0,0,0,0,0,0,0,0,0,0.0
Jamie Vardy,0,1,0,0,FWD,103,Leicester,133,0,0,0,0,0,0,0,0,0,1,0,0,0,0,0,0,0,0,0,0,0.0
Jan Bednarek,1,0,0,0,DEF,44,Southampton,94,0,0,0,0,0,0,0,0,0,0,0,0,0,0,0,1,0,0,0,0,0.0
Jan Zamburek,0,0,0,1,MID,44,Brentford,0,0,0,1,0,0,0,0,0,0,0,0,0,0,0,0,0,0,0,0,0,0.0
Jannik Vestergaard,1,0,0,0,DEF,47,Leicester,11,0,0,0,0,0,0,0,0,0,1,0,0,0,0,0,0,0,0,0,0,0.0
Japhet Tanganga,1,0,0,0,DEF,42,Spurs,29,0,0,0,0,0,0,0,0,0,0,0,0,0,0,0,0,1,0,0,0,0.0
Jarell Quansah,1,0,0,0,DEF,40,Liverpool,0,0,0,0,0,0,0,0,0,0,0,1,0,0,0,0,0,0,0,0,0,-0.0
Jarosław Jach,1,0,0,0,DEF,42,Crystal Palace,0,0,0,0,0,0,0,1,0,0,0,0,0,0,0,0,0,0,0,0,0,0.0
Jarrad Branthwaite,1,0,0,0,DEF,40,Everton,7,0,0,0,0,0,0,0,1,0,0,0,0,0,0,0,0,0,0,0,0,0.0
Jarrod Bowen,0,0,0,1,MID,69,West Ham,206,0,0,0,0,0,0,0,0,0,0,0,0,0,0,0,0,0,0,1,0,1.0
Jason Steele,0,0,1,0,GK,39,Brighton,2,0,0,0,1,0,0,0,0,0,0,0,0,0,0,0,0,0,0,0,0,0.0
Javier Manquillo,1,0,0,0,DEF,39,Newcastle,38,0,0,0,0,0,0,0,0,0,0,0,0,0,1,0,0,0,0,0,0,0.0
Jay Rodriguez,0,1,0,0,FWD,51,Burnley,60,0,0,0,0,1,0,0,0,0,0,0,0,0,0,0,0,0,0,0,0,0.0
Jean-Philippe Gbamin,0,0,0,1,MID,44,Everton,3,0,0,0,0,0,0,0,1,0,0,0,0,0,0,0,0,0,0,0,0,0.0
Jean-Philippe Mateta,0,1,0,0,FWD,53,Crystal Palace,61,0,0,0,0,0,0,1,0,0,0,0,0,0,0,0,0,0,0,0,0,0.0
Jed Steer,0,0,1,0,GK,39,Aston Villa,1,0,1,0,0,0,0,0,0,0,0,0,0,0,0,0,0,0,0,0,0,0.0
Jeff Hendrick,0,0,0,1,MID,48,Newcastle,8,0,0,0,0,0,0,0,0,0,0,0,0,0,1,0,0,0,0,0,0,0.0
Jeffrey Schlupp,0,0,0,1,MID,54,Crystal Palace,86,0,0,0,0,0,0,1,0,0,0,0,0,0,0,0,0,0,0,0,0,0.0
Jeremy Ngakia,1,0,0,0,DEF,42,Watford,28,0,0,0,0,0,0,0,0,0,0,0,0,0,0,0,0,0,1,0,0,0.0
Jeremy Sarmiento,0,0,0,1,MID,45,Brighton,5,0,0,0,1,0,0,0,0,0,0,0,0,0,0,0,0,0,0,0,0,0.0
Jesse Lingard,0,0,0,1,MID,67,Man Utd,29,0,0,0,0,0,0,0,0,0,0,0,0,1,0,0,0,0,0,0,0,0.0
Jesurun Rak-Sakyi,0,0,0,1,MID,44,Crystal Palace,4,0,0,0,0,0,0,1,0,0,0,0,0,0,0,0,0,0,0,0,0,0.0
Joachim Andersen,1,0,0,0,DEF,47,Crystal Palace,124,0,0,0,0,0,0,1,0,0,0,0,0,0,0,0,0,0,0,0,0,0.0
Joe Gelhardt,0,1,0,0,FWD,47,Leeds,43,0,0,0,0,0,0,0,0,1,0,0,0,0,0,0,0,0,0,0,0,0.0
Joe Hart,0,0,1,0,GK,45,Spurs,0,0,0,0,0,0,0,0,0,0,0,0,0,0,0,0,0,1,0,0,0,0.0
Joe Rodon,1,0,0,0,DEF,42,Spurs,3,0,0,0,0,0,0,0,0,0,0,0,0,0,0,0,0,1,0,0,0,0.0
Joe White,0,0,0,1,MID,44,Newcastle,0,0,0,0,0,0,0,0,0,0,0,0,0,0,1,0,0,0,0,0,0,-0.0
Joel Matip,1,0,0,0,DEF,53,Liverpool,170,0,0,0,0,0,0,0,0,0,0,1,0,0,0,0,0,0,0,0,0,0.0
Joel Ward,1,0,0,0,DEF,45,Crystal Palace,73,0,0,0,0,0,0,1,0,0,0,0,0,0,0,0,0,0,0,0,0,0.0
Joelinton Cássio Apolinário de Lira,0,1,0,0,FWD,59,Newcastle,83,0,0,0,0,0,0,0,0,0,0,0,0,0,1,0,0,0,0,0,0,0.0
Johann Berg Gudmundsson,0,0,0,1,MID,54,Burnley,33,0,0,0,0,1,0,0,0,0,0,0,0,0,0,0,0,0,0,0,0,0.0
John McGinn,0,0,0,1,MID,56,Aston Villa,110,0,1,0,0,0,0,0,0,0,0,0,0,0,0,0,0,0,0,0,0,0.0
John Ruddy,0,0,1,0,GK,43,Wolves,3,0,0,0,0,0,0,0,0,0,0,0,0,0,0,0,0,0,0,0,1,0.0
John Stones,1,0,0,0,DEF,52,Man City,70,0,0,0,0,0,0,0,0,0,0,0,1,0,0,0,0,0,0,0,0,0.0
Jon McCracken,0,0,1,0,GK,40,Norwich,0,0,0,0,0,0,0,0,0,0,0,0,0,0,0,1,0,0,0,0,0,0.0
Jonas Lössl,0,0,1,0,GK,45,Brentford,2,0,0,1,0,0,0,0,0,0,0,0,0,0,0,0,0,0,0,0,0,0.0
Jonathan Castro Otto,1,0,0,0,DEF,45,Wolves,38,0,0,0,0,0,0,0,0,0,0,0,0,0,0,0,0,0,0,0,1,0.0
Jonathan Rowe,0,0,0,1,MID,44,Norwich,16,0,0,0,0,0,0,0,0,0,0,0,0,0,0,1,0,0,0,0,0,0.0
Jonathan Tomkinson,1,0,0,0,DEF,40,Norwich,0,0,0,0,0,0,0,0,0,0,0,0,0,0,0,1,0,0,0,0,0,0.0
Jonjo Shelvey,0,0,0,1,MID,53,Newcastle,63,0,0,0,0,0,0,0,0,0,0,0,0,0,1,0,0,0,0,0,0,0.0
Jonjoe Kenny,1,0,0,0,DEF,43,Everton,21,0,0,0,0,0,0,0,1,0,0,0,0,0,0,0,0,0,0,0,0,0.0
Jonny Evans,1,0,0,0,DEF,54,Leicester,39,0,0,0,0,0,0,0,0,0,1,0,0,0,0,0,0,0,0,0,0,0.0
Jordan Ayew,0,1,0,0,FWD,58,Crystal Palace,77,0,0,0,0,0,0,1,0,0,0,0,0,0,0,0,0,0,0,0,0,0.0
Jordan Henderson,0,0,0,1,MID,49,Liverpool,110,0,0,0,0,0,0,0,0,0,0,1,0,0,0,0,0,0,0,0,0,0.0
Jordan Hugill,0,1,0,0,FWD,54,Norwich,0,0,0,0,0,0,0,0,0,0,0,0,0,0,0,1,0,0,0,0,0,0.0
Jordan Pickford,0,0,1,0,GK,48,Everton,116,0,0,0,0,0,0,0,1,0,0,0,0,0,0,0,0,0,0,0,0,0.0
Jorge Luiz Frello Filho,0,0,0,1,MID,57,Chelsea,106,0,0,0,0,0,1,0,0,0,0,0,0,0,0,0,0,0,0,0,0,0.0
Joseph Gomez,1,0,0,0,DEF,47,Liverpool,22,0,0,0,0,0,0,0,0,0,0,1,0,0,0,0,0,0,0,0,0,0.0
Joseph Hungbo,0,0,0,1,MID,45,Watford,0,0,0,0,0,0,0,0,0,0,0,0,0,0,0,0,0,0,1,0,0,0.0
Joseph McGlynn,0,1,0,0,FWD,45,Burnley,0,0,0,0,0,1,0,0,0,0,0,0,0,0,0,0,0,0,0,0,0,0.0
Joseph Willock,0,0,0,1,MID,53,Newcastle,79,0,0,0,0,0,0,0,0,0,0,0,0,0,1,0,0,0,0,0,0,0.0
Josh Benson,0,0,0,1,MID,45,Burnley,0,0,0,0,0,1,0,0,0,0,0,0,0,0,0,0,0,0,0,0,0,-0.0
Josh Brownhill,0,0,0,1,MID,43,Burnley,92,0,0,0,0,1,0,0,0,0,0,0,0,0,0,0,0,0,0,0,0,0.0
Josh Feeney,1,0,0,0,DEF,40,Aston Villa,0,0,1,0,0,0,0,0,0,0,0,0,0,0,0,0,0,0,0,0,0,-0.0
Josh Martin,0,0,0,1,MID,50,Norwich,0,0,0,0,0,0,0,0,0,0,0,0,0,0,0,1,0,0,0,0,0,-0.0
Joshua King,0,1,0,0,FWD,56,Watford,87,0,0,0,0,0,0,0,0,0,0,0,0,0,0,0,0,0,1,0,0,0.0
Joshua Sargent,0,1,0,0,FWD,54,Norwich,60,0,0,0,0,0,0,0,0,0,0,0,0,0,0,1,0,0,0,0,0,0.0
Joshua Wilson-Esbrand,1,0,0,0,DEF,39,Man City,0,0,0,0,0,0,0,0,0,0,0,0,1,0,0,0,0,0,0,0,0,-0.0
José Diogo Dalot Teixeira,1,0,0,0,DEF,42,Man Utd,54,0,0,0,0,0,0,0,0,0,0,0,0,1,0,0,0,0,0,0,0,0.0
José Malheiro de Sá,0,0,1,0,GK,52,Wolves,146,0,0,0,0,0,0,0,0,0,0,0,0,0,0,0,0,0,0,0,1,0.0
João Filipe Iria Santos Moutinho,0,0,0,1,MID,49,Wolves,96,0,0,0,0,0,0,0,0,0,0,0,0,0,0,0,0,0,0,0,1,0.0
João Pedro Cavaco Cancelo,1,0,0,0,DEF,72,Man City,201,0,0,0,0,0,0,0,0,0,0,0,1,0,0,0,0,0,0,0,0,1.0
João Pedro Junqueira de Jesus,0,1,0,0,FWD,54,Watford,60,0,0,0,0,0,0,0,0,0,0,0,0,0,0,0,0,0,1,0,0,0.0
João Virgínia,0,0,1,0,GK,40,Everton,0,0,0,0,0,0,0,0,1,0,0,0,0,0,0,0,0,0,0,0,0,0.0
Joël Veltman,1,0,0,0,DEF,42,Brighton,95,0,0,0,1,0,0,0,0,0,0,0,0,0,0,0,0,0,0,0,0,0.0
Juan Camilo Hernández Suárez,0,1,0,0,FWD,49,Watford,62,0,0,0,0,0,0,0,0,0,0,0,0,0,0,0,0,0,1,0,0,0.0
Juan Mata,0,0,0,1,MID,47,Man Utd,10,0,0,0,0,0,0,0,0,0,0,0,0,1,0,0,0,0,0,0,0,0.0
Julian Jeanvier,1,0,0,0,DEF,40,Brentford,0,0,0,1,0,0,0,0,0,0,0,0,0,0,0,0,0,0,0,0,0,-0.0
Juraj Kucka,0,0,0,1,MID,55,Watford,54,0,0,0,0,0,0,0,0,0,0,0,0,0,0,0,0,0,1,0,0,0.0
Jürgen Locadia,0,1,0,0,FWD,44,Brighton,1,0,0,0,1,0,0,0,0,0,0,0,0,0,0,0,0,0,0,0,0,0.0
Kai Havertz,0,0,0,1,MID,79,Chelsea,112,0,0,0,0,0,1,0,0,0,0,0,0,0,0,0,0,0,0,0,0,0.0
Kaide Gordon,0,0,0,1,MID,45,Liverpool,1,0,0,0,0,0,0,0,0,0,0,1,0,0,0,0,0,0,0,0,0,-0.0
Kaine Hayden,1,0,0,0,DEF,40,Aston Villa,0,0,1,0,0,0,0,0,0,0,0,0,0,0,0,0,0,0,0,0,0,0.0
Kalvin Phillips,0,0,0,1,MID,47,Leeds,39,0,0,0,0,0,0,0,0,1,0,0,0,0,0,0,0,0,0,0,0,0.0
Kamil Conteh,0,0,0,1,MID,45,Watford,0,0,0,0,0,0,0,0,0,0,0,0,0,0,0,0,0,0,1,0,0,-0.0
Karl Darlow,0,0,1,0,GK,45,Newcastle,20,0,0,0,0,0,0,0,0,0,0,0,0,0,1,0,0,0,0,0,0,0.0
Karl Hein,0,0,1,0,GK,40,Arsenal,0,1,0,0,0,0,0,0,0,0,0,0,0,0,0,0,0,0,0,0,0,0.0
Kasey McAteer,0,0,0,1,MID,45,Leicester,1,0,0,0,0,0,0,0,0,0,1,0,0,0,0,0,0,0,0,0,0,-0.0
Kasper Schmeichel,0,0,1,0,GK,50,Leicester,131,0,0,0,0,0,0,0,0,0,1,0,0,0,0,0,0,0,0,0,0,0.0
Kayky da Silva Chagas,0,1,0,0,FWD,50,Man City,1,0,0,0,0,0,0,0,0,0,0,0,1,0,0,0,0,0,0,0,0,0.0
Keinan Davis,0,1,0,0,FWD,45,Aston Villa,1,0,1,0,0,0,0,0,0,0,0,0,0,0,0,0,0,0,0,0,0,0.0
Kelechi Iheanacho,0,1,0,0,FWD,70,Leicester,80,0,0,0,0,0,0,0,0,0,1,0,0,0,0,0,0,0,0,0,0,0.0
Ken Sema,0,0,0,1,MID,52,Watford,26,0,0,0,0,0,0,0,0,0,0,0,0,0,0,0,0,0,1,0,0,0.0
Kenny McLean,0,0,0,1,MID,49,Norwich,69,0,0,0,0,0,0,0,0,0,0,0,0,0,0,1,0,0,0,0,0,0.0
Kepa Arrizabalaga,0,0,1,0,GK,45,Chelsea,19,0,0,0,0,0,1,0,0,0,0,0,0,0,0,0,0,0,0,0,0,0.0
Kevin De Bruyne,0,0,0,1,MID,121,Man City,196,0,0,0,0,0,0,0,0,0,0,0,1,0,0,0,0,0,0,0,0,1.0
Kevin Long,1,0,0,0,DEF,40,Burnley,7,0,0,0,0,1,0,0,0,0,0,0,0,0,0,0,0,0,0,0,0,0.0
Kgaogelo Chauke,0,0,0,1,MID,45,Southampton,0,0,0,0,0,0,0,0,0,0,0,0,0,0,0,0,1,0,0,0,0,-0.0
Ki-Jana Hoever,1,0,0,0,DEF,39,Wolves,14,0,0,0,0,0,0,0,0,0,0,0,0,0,0,0,0,0,0,0,1,0.0
Kieran Dowell,0,0,0,1,MID,51,Norwich,41,0,0,0,0,0,0,0,0,0,0,0,0,0,0,1,0,0,0,0,0,0.0
Kieran Tierney,1,0,0,0,DEF,49,Arsenal,106,1,0,0,0,0,0,0,0,0,0,0,0,0,0,0,0,0,0,0,0,0.0
Kieran Trippier,1,0,0,0,DEF,49,Newcastle,28,0,0,0,0,0,0,0,0,0,0,0,0,0,1,0,0,0,0,0,0,0.0
Kiernan Dewsbury-Hall,0,0,0,1,MID,44,Leicester,70,0,0,0,0,0,0,0,0,0,1,0,0,0,0,0,0,0,0,0,0,0.0
Kjell Scherpen,0,0,1,0,GK,45,Brighton,0,0,0,0,1,0,0,0,0,0,0,0,0,0,0,0,0,0,0,0,0,0.0
Konstantinos Mavropanos,1,0,0,0,DEF,45,Arsenal,0,1,0,0,0,0,0,0,0,0,0,0,0,0,0,0,0,0,0,0,0,-0.0
Konstantinos Tsimikas,1,0,0,0,DEF,37,Liverpool,42,0,0,0,0,0,0,0,0,0,0,1,0,0,0,0,0,0,0,0,0,0.0
Kortney Hause,1,0,0,0,DEF,44,Aston Villa,20,0,1,0,0,0,0,0,0,0,0,0,0,0,0,0,0,0,0,0,0,0.0
Kris Moore,1,0,0,0,DEF,40,Leeds,0,0,0,0,0,0,0,0,0,1,0,0,0,0,0,0,0,0,0,0,0,0.0
Kristoffer Ajer,1,0,0,0,DEF,44,Brentford,81,0,0,1,0,0,0,0,0,0,0,0,0,0,0,0,0,0,0,0,0,0.0
Kristoffer Klaesson,0,0,1,0,GK,43,Leeds,2,0,0,0,0,0,0,0,0,1,0,0,0,0,0,0,0,0,0,0,0,0.0
Kurt Zouma,1,0,0,0,DEF,54,West Ham,66,0,0,0,0,0,0,0,0,0,0,0,0,0,0,0,0,0,0,1,0,0.0
Kwadwo Baah,0,0,0,1,MID,43,Watford,0,0,0,0,0,0,0,0,0,0,0,0,0,0,0,0,0,0,1,0,0,0.0
Kyle Walker,1,0,0,0,DEF,54,Man City,85,0,0,0,0,0,0,0,0,0,0,0,1,0,0,0,0,0,0,0,0,0.0
Kyle Walker-Peters,1,0,0,0,DEF,48,Southampton,82,0,0,0,0,0,0,0,0,0,0,0,0,0,0,0,1,0,0,0,0,0.0
Lamare Bogarde,1,0,0,0,DEF,40,Aston Villa,0,0,1,0,0,0,0,0,0,0,0,0,0,0,0,0,0,0,0,0,0,-0.0
Leander Dendoncker,0,0,0,1,MID,46,Wolves,76,0,0,0,0,0,0,0,0,0,0,0,0,0,0,0,0,0,0,0,1,0.0
Leandro Trossard,0,0,0,1,MID,59,Brighton,141,0,0,0,1,0,0,0,0,0,0,0,0,0,0,0,0,0,0,0,0,0.0
Leo Fuhr Hjelde,1,0,0,0,DEF,40,Leeds,2,0,0,0,0,0,0,0,0,1,0,0,0,0,0,0,0,0,0,0,0,0.0
Leon Bailey,0,0,0,1,MID,63,Aston Villa,37,0,1,0,0,0,0,0,0,0,0,0,0,0,0,0,0,0,0,0,0,0.0
Lewis Bate,0,0,0,1,MID,45,Leeds,3,0,0,0,0,0,0,0,0,1,0,0,0,0,0,0,0,0,0,0,0,0.0
Lewis Brunt,0,0,0,1,MID,45,Leicester,1,0,0,0,0,0,0,0,0,0,1,0,0,0,0,0,0,0,0,0,0,0.0
Lewis Dobbin,0,1,0,0,FWD,45,Everton,2,0,0,0,0,0,0,0,1,0,0,0,0,0,0,0,0,0,0,0,0,0.0
Lewis Dunk,1,0,0,0,DEF,48,Brighton,92,0,0,0,1,0,0,0,0,0,0,0,0,0,0,0,0,0,0,0,0,0.0
Lewis Hall,0,0,0,1,MID,45,Chelsea,0,0,0,0,0,0,1,0,0,0,0,0,0,0,0,0,0,0,0,0,0,0.0
Lewis Richardson,0,1,0,0,FWD,44,Burnley,0,0,0,0,0,1,0,0,0,0,0,0,0,0,0,0,0,0,0,0,0,0.0
Liam Cooper,1,0,0,0,DEF,44,Leeds,60,0,0,0,0,0,0,0,0,1,0,0,0,0,0,0,0,0,0,0,0,0.0
Liam Delap,0,1,0,0,FWD,45,Man City,1,0,0,0,0,0,0,0,0,0,0,0,1,0,0,0,0,0,0,0,0,0.0
Liam Gibbs,0,0,0,1,MID,45,Norwich,0,0,0,0,0,0,0,0,0,0,0,0,0,0,0,1,0,0,0,0,0,0.0
Liam McCarron,0,0,0,1,MID,44,Leeds,1,0,0,0,0,0,0,0,0,1,0,0,0,0,0,0,0,0,0,0,0,0.0
Louie Moulden,0,0,1,0,GK,40,Wolves,0,0,0,0,0,0,0,0,0,0,0,0,0,0,0,0,0,0,0,0,1,0.0
Lucas De Bolle,0,0,0,1,MID,44,Newcastle,0,0,0,0,0,0,0,0,0,0,0,0,0,0,1,0,0,0,0,0,0,0.0
Lucas Digne,1,0,0,0,DEF,50,Aston Villa,83,0,1,0,0,0,0,0,0,0,0,0,0,0,0,0,0,0,0,0,0,0.0
Lucas Rodrigues Moura da Silva,0,0,0,1,MID,59,Spurs,87,0,0,0,0,0,0,0,0,0,0,0,0,0,0,0,0,1,0,0,0,0.0
Lucas Torreira,0,0,0,1,MID,45,Arsenal,0,1,0,0,0,0,0,0,0,0,0,0,0,0,0,0,0,0,0,0,0,0.0
Luis Díaz,0,0,0,1,MID,81,Liverpool,64,0,0,0,0,0,0,0,0,0,0,1,0,0,0,0,0,0,0,0,0,0.0
Luka Milivojevic,0,0,0,1,MID,52,Crystal Palace,19,0,0,0,0,0,0,1,0,0,0,0,0,0,0,0,0,0,0,0,0,0.0
Lukas Rupp,0,0,0,1,MID,44,Norwich,23,0,0,0,0,0,0,0,0,0,0,0,0,0,0,1,0,0,0,0,0,0.0
Lukasz Fabianski,0,0,1,0,GK,50,West Ham,136,0,0,0,0,0,0,0,0,0,0,0,0,0,0,0,0,0,0,1,0,0.0
Luke Ayling,1,0,0,0,DEF,43,Leeds,55,0,0,0,0,0,0,0,0,1,0,0,0,0,0,0,0,0,0,0,0,0.0
Luke Cundle,0,0,0,1,MID,44,Wolves,7,0,0,0,0,0,0,0,0,0,0,0,0,0,0,0,0,0,0,0,1,0.0
Luke Mbete,1,0,0,0,DEF,39,Man City,0,0,0,0,0,0,0,0,0,0,0,0,1,0,0,0,0,0,0,0,0,0.0
Luke Shaw,1,0,0,0,DEF,50,Man Utd,46,0,0,0,0,0,0,0,0,0,0,0,0,1,0,0,0,0,0,0,0,0.0
Luke Thomas,1,0,0,0,DEF,43,Leicester,50,0,0,0,0,0,0,0,0,0,1,0,0,0,0,0,0,0,0,0,0,0.0
Lyanco Evangelista Silveira Neves Vojnovic,1,0,0,0,DEF,44,Southampton,19,0,0,0,0,0,0,0,0,0,0,0,0,0,0,0,1,0,0,0,0,0.0
Mads Bech Sørensen,1,0,0,0,DEF,43,Brentford,22,0,0,1,0,0,0,0,0,0,0,0,0,0,0,0,0,0,0,0,0,0.0
Mads Bidstrup,0,0,0,1,MID,44,Brentford,4,0,0,1,0,0,0,0,0,0,0,0,0,0,0,0,0,0,0,0,0,0.0
Mads Roerslev Rasmussen,1,0,0,0,DEF,41,Brentford,41,0,0,1,0,0,0,0,0,0,0,0,0,0,0,0,0,0,0,0,0,0.0
Mahmoud Ahmed Ibrahim Hassan,0,0,0,1,MID,54,Aston Villa,1,0,1,0,0,0,0,0,0,0,0,0,0,0,0,0,0,0,0,0,0,0.0
Malang Sarr,1,0,0,0,DEF,49,Chelsea,30,0,0,0,0,0,1,0,0,0,0,0,0,0,0,0,0,0,0,0,0,0.0
Manuel Lanzini,0,0,0,1,MID,56,West Ham,92,0,0,0,0,0,0,0,0,0,0,0,0,0,0,0,0,0,0,1,0,0.0
Marc Albrighton,0,0,0,1,MID,52,Leicester,40,0,0,0,0,0,0,0,0,0,1,0,0,0,0,0,0,0,0,0,0,0.0
Marc Cucurella,1,0,0,0,DEF,49,Brighton,126,0,0,0,1,0,0,0,0,0,0,0,0,0,0,0,0,0,0,0,0,0.0
Marc Guéhi,1,0,0,0,DEF,45,Crystal Palace,123,0,0,0,0,0,0,1,0,0,0,0,0,0,0,0,0,0,0,0,0,0.0
Marc Leonard,0,0,0,1,MID,45,Brighton,0,0,0,0,1,0,0,0,0,0,0,0,0,0,0,0,0,0,0,0,0,0.0
Marc Navarro,1,0,0,0,DEF,40,Watford,0,0,0,0,0,0,0,0,0,0,0,0,0,0,0,0,0,0,1,0,0,0.0
Marcel Lavinier,1,0,0,0,DEF,40,Spurs,0,0,0,0,0,0,0,0,0,0,0,0,0,0,0,0,0,1,0,0,0,0.0
Marcelo Flores,0,0,0,1,MID,45,Arsenal,0,1,0,0,0,0,0,0,0,0,0,0,0,0,0,0,0,0,0,0,0,-0.0
Marcelo de Araújo Pitaluga Filho,0,0,1,0,GK,40,Liverpool,0,0,0,0,0,0,0,0,0,0,0,1,0,0,0,0,0,0,0,0,0,0.0
Marco Stiepermann,0,0,0,1,MID,50,Norwich,0,0,0,0,0,0,0,0,0,0,0,0,0,0,0,1,0,0,0,0,0,0.0
Marcos Alonso,1,0,0,0,DEF,57,Chelsea,128,0,0,0,0,0,1,0,0,0,0,0,0,0,0,0,0,0,0,0,0,0.0
Marcus Bettinelli,0,0,1,0,GK,40,Chelsea,0,0,0,0,0,0,1,0,0,0,0,0,0,0,0,0,0,0,0,0,0,0.0
Marcus Forss,0,1,0,0,FWD,53,Brentford,11,0,0,1,0,0,0,0,0,0,0,0,0,0,0,0,0,0,0,0,0,0.0
Marcus Rashford,0,0,0,1,MID,94,Man Utd,63,0,0,0,0,0,0,0,0,0,0,0,0,1,0,0,0,0,0,0,0,0.0
Mark Gillespie,0,0,1,0,GK,39,Newcastle,0,0,0,0,0,0,0,0,0,0,0,0,0,0,1,0,0,0,0,0,0,0.0
Mark Noble,0,0,0,1,MID,43,West Ham,19,0,0,0,0,0,0,0,0,0,0,0,0,0,0,0,0,0,0,1,0,0.0
Martin Dubravka,0,0,1,0,GK,44,Newcastle,96,0,0,0,0,0,0,0,0,0,0,0,0,0,1,0,0,0,0,0,0,0.0
Martin Kelly,1,0,0,0,DEF,38,Crystal Palace,0,0,0,0,0,0,0,1,0,0,0,0,0,0,0,0,0,0,0,0,0,0.0
Martin Ødegaard,0,0,0,1,MID,56,Arsenal,131,1,0,0,0,0,0,0,0,0,0,0,0,0,0,0,0,0,0,0,0,0.0
Marvelous Nakamba,0,0,0,1,MID,44,Aston Villa,22,0,1,0,0,0,0,0,0,0,0,0,0,0,0,0,0,0,0,0,0,0.0
Mason Greenwood,0,0,0,1,MID,71,Man Utd,71,0,0,0,0,0,0,0,0,0,0,0,0,1,0,0,0,0,0,0,0,0.0
Mason Holgate,1,0,0,0,DEF,42,Everton,62,0,0,0,0,0,0,0,1,0,0,0,0,0,0,0,0,0,0,0,0,0.0
Mason Mount,0,0,0,1,MID,77,Chelsea,169,0,0,0,0,0,1,0,0,0,0,0,0,0,0,0,0,0,0,0,0,0.0
Matej Vydra,0,1,0,0,FWD,52,Burnley,46,0,0,0,0,1,0,0,0,0,0,0,0,0,0,0,0,0,0,0,0,0.0
Mateo Kovacic,0,0,0,1,MID,49,Chelsea,76,0,0,0,0,0,1,0,0,0,0,0,0,0,0,0,0,0,0,0,0,0.0
Mateusz Klich,0,0,0,1,MID,51,Leeds,61,0,0,0,0,0,0,0,0,1,0,0,0,0,0,0,0,0,0,0,0,0.0
Mathew Ryan,0,0,1,0,GK,45,Brighton,0,0,0,0,1,0,0,0,0,0,0,0,0,0,0,0,0,0,0,0,0,0.0
Mathias Jensen,0,0,0,1,MID,49,Brentford,54,0,0,1,0,0,0,0,0,0,0,0,0,0,0,0,0,0,0,0,0,0.0
Mathias Jorgensen,1,0,0,0,DEF,45,Brentford,18,0,0,1,0,0,0,0,0,0,0,0,0,0,0,0,0,0,0,0,0,0.0
Mathias Normann,0,0,0,1,MID,45,Norwich,52,0,0,0,0,0,0,0,0,0,0,0,0,0,0,1,0,0,0,0,0,0.0
Matt Doherty,1,0,0,0,DEF,45,Spurs,67,0,0,0,0,0,0,0,0,0,0,0,0,0,0,0,0,1,0,0,0,0.0
Matt Ritchie,1,0,0,0,DEF,49,Newcastle,20,0,0,0,0,0,0,0,0,0,0,0,0,0,1,0,0,0,0,0,0,0.0
Matt Targett,1,0,0,0,DEF,47,Newcastle,101,0,0,0,0,0,0,0,0,0,0,0,0,0,1,0,0,0,0,0,0,0.0
Matthew Cash,1,0,0,0,DEF,53,Aston Villa,147,0,1,0,0,0,0,0,0,0,0,0,0,0,0,0,0,0,0,0,0,0.0
Matthew Cox,0,0,1,0,GK,40,Brentford,0,0,0,1,0,0,0,0,0,0,0,0,0,0,0,0,0,0,0,0,0,0.0
Matthew Craig,0,0,0,1,MID,45,Spurs,0,0,0,0,0,0,0,0,0,0,0,0,0,0,0,0,0,1,0,0,0,0.0
Matthew Longstaff,0,0,0,1,MID,45,Newcastle,0,0,0,0,0,0,0,0,0,0,0,0,0,0,1,0,0,0,0,0,0,0.0
Matthew Lowton,1,0,0,0,DEF,44,Burnley,65,0,0,0,0,1,0,0,0,0,0,0,0,0,0,0,0,0,0,0,0,0.0
Matthew Pollock,1,0,0,0,DEF,40,Watford,0,0,0,0,0,0,0,0,0,0,0,0,0,0,0,0,0,0,1,0,0,-0.0
Mattéo Guendouzi,0,0,0,1,MID,45,Arsenal,0,1,0,0,0,0,0,0,0,0,0,0,0,0,0,0,0,0,0,0,0,0.0
Max Aarons,1,0,0,0,DEF,43,Norwich,55,0,0,0,0,0,0,0,0,0,0,0,0,0,0,1,0,0,0,0,0,0.0
Max Kilman,1,0,0,0,DEF,45,Wolves,106,0,0,0,0,0,0,0,0,0,0,0,0,0,0,0,0,0,0,0,1,0.0
Maxwel Cornet,0,0,0,1,MID,58,Burnley,104,0,0,0,0,1,0,0,0,0,0,0,0,0,0,0,0,0,0,0,0,0.0
Maxwell Haygarth,0,0,0,1,MID,45,Brentford,0,0,0,1,0,0,0,0,0,0,0,0,0,0,0,0,0,0,0,0,0,-0.0
Mazeed Ogungbo,1,0,0,0,DEF,40,Arsenal,0,1,0,0,0,0,0,0,0,0,0,0,0,0,0,0,0,0,0,0,0,0.0
Mbwana Ally Samatta,0,1,0,0,FWD,55,Aston Villa,0,0,1,0,0,0,0,0,0,0,0,0,0,0,0,0,0,0,0,0,0,0.0
Michael Keane,1,0,0,0,DEF,46,Everton,102,0,0,0,0,0,0,0,1,0,0,0,0,0,0,0,0,0,0,0,0,0.0
Michael McGovern,0,0,1,0,GK,39,Norwich,0,0,0,0,0,0,0,0,0,0,0,0,0,0,0,1,0,0,0,0,0,0.0
Michael Obafemi,0,1,0,0,FWD,45,Southampton,0,0,0,0,0,0,0,0,0,0,0,0,0,0,0,0,1,0,0,0,0,0.0
Michael Olise,0,0,0,1,MID,53,Crystal Palace,73,0,0,0,0,0,0,1,0,0,0,0,0,0,0,0,0,0,0,0,0,0.0
Michail Antonio,0,1,0,0,FWD,73,West Ham,140,0,0,0,0,0,0,0,0,0,0,0,0,0,0,0,0,0,0,1,0,0.0
Michal Karbownik,1,0,0,0,DEF,40,Brighton,0,0,0,0,1,0,0,0,0,0,0,0,0,0,0,0,0,0,0,0,0,-0.0
Michy Batshuayi,0,1,0,0,FWD,55,Chelsea,0,0,0,0,0,0,1,0,0,0,0,0,0,0,0,0,0,0,0,0,0,0.0
Miguel Almirón,0,0,0,1,MID,50,Newcastle,59,0,0,0,0,0,0,0,0,0,0,0,0,0,1,0,0,0,0,0,0,0.0
Miguel Azeez,0,0,0,1,MID,45,Arsenal,0,1,0,0,0,0,0,0,0,0,0,0,0,0,0,0,0,0,0,0,0,-0.0
Mika Biereth,0,1,0,0,FWD,45,Arsenal,0,1,0,0,0,0,0,0,0,0,0,0,0,0,0,0,0,0,0,0,0,0.0
Milot Rashica,0,0,0,1,MID,52,Norwich,70,0,0,0,0,0,0,0,0,0,0,0,0,0,0,1,0,0,0,0,0,0.0
Mohamed Elyounoussi,0,0,0,1,MID,54,Southampton,90,0,0,0,0,0,0,0,0,0,0,0,0,0,0,0,1,0,0,0,0,0.0
Mohamed Naser El Sayed Elneny,0,0,0,1,MID,44,Arsenal,27,1,0,0,0,0,0,0,0,0,0,0,0,0,0,0,0,0,0,0,0,0.0
Mohamed Salah,0,0,0,1,MID,131,Liverpool,265,0,0,0,0,0,0,0,0,0,0,1,0,0,0,0,0,0,0,0,0,1.0
Mohammed Salisu,1,0,0,0,DEF,45,Southampton,58,0,0,0,0,0,0,0,0,0,0,0,0,0,0,0,1,0,0,0,0,0.0
Moise Kean,0,1,0,0,FWD,60,Everton,1,0,0,0,0,0,0,0,1,0,0,0,0,0,0,0,0,0,0,0,0,0.0
Moisés Caicedo,0,0,0,1,MID,45,Brighton,27,0,0,0,1,0,0,0,0,0,0,0,0,0,0,0,0,0,0,0,0,0.0
Morgan Gibbs-White,0,0,0,1,MID,45,Wolves,1,0,0,0,0,0,0,0,0,0,0,0,0,0,0,0,0,0,0,0,1,0.0
Morgan Sanson,0,0,0,1,MID,50,Aston Villa,13,0,1,0,0,0,0,0,0,0,0,0,0,0,0,0,0,0,0,0,0,0.0
Moussa Djenepo,0,0,0,1,MID,52,Southampton,13,0,0,0,0,0,0,0,0,0,0,0,0,0,0,0,1,0,0,0,0,0.0
Moussa Sissoko,0,0,0,1,MID,43,Watford,85,0,0,0,0,0,0,0,0,0,0,0,0,0,0,0,0,0,1,0,0,0.0
Myles Peart-Harris,0,0,0,1,MID,45,Brentford,0,0,0,1,0,0,0,0,0,0,0,0,0,0,0,0,0,0,0,0,0,0.0
N'Golo Kanté,0,0,0,1,MID,49,Chelsea,79,0,0,0,0,0,1,0,0,0,0,0,0,0,0,0,0,0,0,0,0,0.0
Naby Keita,0,0,0,1,MID,50,Liverpool,65,0,0,0,0,0,0,0,0,0,0,1,0,0,0,0,0,0,0,0,0,0.0
Nampalys Mendy,0,0,0,1,MID,43,Leicester,24,0,0,0,0,0,0,0,0,0,1,0,0,0,0,0,0,0,0,0,0,0.0
Nathan Aké,1,0,0,0,DEF,47,Man City,54,0,0,0,0,0,0,0,0,0,0,0,1,0,0,0,0,0,0,0,0,0.0
Nathan Broadhead,0,1,0,0,FWD,45,Everton,0,0,0,0,0,0,0,0,1,0,0,0,0,0,0,0,0,0,0,0,0,0.0
Nathan Collins,1,0,0,0,DEF,43,Burnley,55,0,0,0,0,1,0,0,0,0,0,0,0,0,0,0,0,0,0,0,0,0.0
Nathan Ferguson,1,0,0,0,DEF,45,Crystal Palace,1,0,0,0,0,0,0,1,0,0,0,0,0,0,0,0,0,0,0,0,0,0.0
Nathan Patterson,1,0,0,0,DEF,41,Everton,0,0,0,0,0,0,0,0,1,0,0,0,0,0,0,0,0,0,0,0,0,0.0
Nathan Redmond,0,0,0,1,MID,59,Southampton,79,0,0,0,0,0,0,0,0,0,0,0,0,0,0,0,1,0,0,0,0,0.0
Nathan Tella,0,0,0,1,MID,47,Southampton,29,0,0,0,0,0,0,0,0,0,0,0,0,0,0,0,1,0,0,0,0,0.0
Nathan Young-Coombes,0,1,0,0,FWD,45,Brentford,1,0,0,1,0,0,0,0,0,0,0,0,0,0,0,0,0,0,0,0,0,0.0
Nathaniel Chalobah,0,0,0,1,MID,50,Watford,0,0,0,0,0,0,0,0,0,0,0,0,0,0,0,0,0,0,1,0,0,0.0
Nathaniel Clyne,1,0,0,0,DEF,43,Crystal Palace,59,0,0,0,0,0,0,1,0,0,0,0,0,0,0,0,0,0,0,0,0,0.0
Nathaniel Phillips,1,0,0,0,DEF,42,Liverpool,0,0,0,0,0,0,0,0,0,0,0,1,0,0,0,0,0,0,0,0,0,0.0
Neal Maupay,0,1,0,0,FWD,62,Brighton,98,0,0,0,1,0,0,0,0,0,0,0,0,0,0,0,0,0,0,0,0,0.0
Neco Williams,1,0,0,0,DEF,38,Liverpool,4,0,0,0,0,0,0,0,0,0,0,1,0,0,0,0,0,0,0,0,0,0.0
Nemanja Matic,0,0,0,1,MID,43,Man Utd,52,0,0,0,0,0,0,0,0,0,0,0,0,1,0,0,0,0,0,0,0,0.0
Nick Pope,0,0,1,0,GK,53,Burnley,130,0,0,0,0,1,0,0,0,0,0,0,0,0,0,0,0,0,0,0,0,0.0
Nicolas Nkoulou,1,0,0,0,DEF,44,Watford,5,0,0,0,0,0,0,0,0,0,0,0,0,0,0,0,0,0,1,0,0,0.0
Nicolas Pépé,0,0,0,1,MID,69,Arsenal,45,1,0,0,0,0,0,0,0,0,0,0,0,0,0,0,0,0,0,0,0,0.0
Niels Nkounkou,1,0,0,0,DEF,40,Everton,0,0,0,0,0,0,0,0,1,0,0,0,0,0,0,0,0,0,0,0,0,-0.0
Nikola Vlasic,0,0,0,1,MID,56,West Ham,30,0,0,0,0,0,0,0,0,0,0,0,0,0,0,0,0,0,0,1,0,0.0
Nohan Kenneh,0,0,0,1,MID,44,Leeds,-1,0,0,0,0,0,0,0,0,1,0,0,0,0,0,0,0,0,0,0,0,0.0
Nuno Varela Tavares,1,0,0,0,DEF,43,Arsenal,49,1,0,0,0,0,0,0,0,0,0,0,0,0,0,0,0,0,0,0,0,0.0
Nélson Cabral Semedo,1,0,0,0,DEF,48,Wolves,94,0,0,0,0,0,0,0,0,0,0,0,0,0,0,0,0,0,0,0,1,0.0
Odeluga Offiah,1,0,0,0,DEF,40,Brighton,0,0,0,0,1,0,0,0,0,0,0,0,0,0,0,0,0,0,0,0,0,0.0
Odsonne Edouard,0,1,0,0,FWD,60,Crystal Palace,87,0,0,0,0,0,0,1,0,0,0,0,0,0,0,0,0,0,0,0,0,0.0
Oghenekaro Peter Etebo,0,0,0,1,MID,43,Watford,10,0,0,0,0,0,0,0,0,0,0,0,0,0,0,0,0,0,1,0,0,0.0
Oleksandr Zinchenko,1,0,0,0,DEF,53,Man City,59,0,0,0,0,0,0,0,0,0,0,0,1,0,0,0,0,0,0,0,0,0.0
Oliver Skipp,0,0,0,1,MID,44,Spurs,34,0,0,0,0,0,0,0,0,0,0,0,0,0,0,0,0,1,0,0,0,0.0
Olivier Giroud,0,1,0,0,FWD,65,Chelsea,0,0,0,0,0,0,1,0,0,0,0,0,0,0,0,0,0,0,0,0,0,-0.0
Ollie Watkins,0,1,0,0,FWD,75,Aston Villa,131,0,1,0,0,0,0,0,0,0,0,0,0,0,0,0,0,0,0,0,0,0.0
Omari Hutchinson,0,0,0,1,MID,45,Arsenal,0,1,0,0,0,0,0,0,0,0,0,0,0,0,0,0,0,0,0,0,0,0.0
Onel Hernández,0,0,0,1,MID,49,Norwich,0,0,0,0,0,0,0,0,0,0,0,0,0,0,0,1,0,0,0,0,0,0.0
Oriol Romeu Vidal,0,0,0,1,MID,45,Southampton,88,0,0,0,0,0,0,0,0,0,0,0,0,0,0,0,1,0,0,0,0,0.0
Owen Beck,1,0,0,0,DEF,40,Liverpool,0,0,0,0,0,0,0,0,0,0,0,1,0,0,0,0,0,0,0,0,0,0.0
Owen Dodgson,1,0,0,0,DEF,39,Burnley,0,0,0,0,0,1,0,0,0,0,0,0,0,0,0,0,0,0,0,0,0,0.0
Owen Otasowie,0,0,0,1,MID,45,Wolves,0,0,0,0,0,0,0,0,0,0,0,0,0,0,0,0,0,0,0,0,1,0.0
Ozan Kabak,1,0,0,0,DEF,43,Norwich,18,0,0,0,0,0,0,0,0,0,0,0,0,0,0,1,0,0,0,0,0,0.0
Ozan Tufan,0,0,0,1,MID,50,Watford,10,0,0,0,0,0,0,0,0,0,0,0,0,0,0,0,0,0,1,0,0,0.0
Pablo Fornals,0,0,0,1,MID,59,West Ham,117,0,0,0,0,0,0,0,0,0,0,0,0,0,0,0,0,0,0,1,0,0.0
Pablo Hernández Domínguez,0,0,0,1,MID,55,Leeds,0,0,0,0,0,0,0,0,0,1,0,0,0,0,0,0,0,0,0,0,0,0.0
Pablo Marí,1,0,0,0,DEF,42,Arsenal,1,1,0,0,0,0,0,0,0,0,0,0,0,0,0,0,0,0,0,0,0,0.0
Paris Maghoma,0,0,0,1,MID,45,Brentford,0,0,0,1,0,0,0,0,0,0,0,0,0,0,0,0,0,0,0,0,0,-0.0
Pascal Groß,0,0,0,1,MID,56,Brighton,88,0,0,0,1,0,0,0,0,0,0,0,0,0,0,0,0,0,0,0,0,0.0
Pascal Struijk,1,0,0,0,DEF,43,Leeds,35,0,0,0,0,0,0,0,0,1,0,0,0,0,0,0,0,0,0,0,0,0.0
Patrick Bamford,0,1,0,0,FWD,77,Leeds,28,0,0,0,0,0,0,0,0,1,0,0,0,0,0,0,0,0,0,0,0,0.0
Patrick Cutrone,0,1,0,0,FWD,50,Wolves,0,0,0,0,0,0,0,0,0,0,0,0,0,0,0,0,0,0,0,0,1,0.0
Patrik Gunnarsson,0,0,1,0,GK,39,Brentford,0,0,0,1,0,0,0,0,0,0,0,0,0,0,0,0,0,0,0,0,0,0.0
Patson Daka,0,1,0,0,FWD,70,Leicester,70,0,0,0,0,0,0,0,0,0,1,0,0,0,0,0,0,0,0,0,0,0.0
Paul Dummett,1,0,0,0,DEF,45,Newcastle,7,0,0,0,0,0,0,0,0,0,0,0,0,0,1,0,0,0,0,0,0,0.0
Paul Pogba,0,0,0,1,MID,74,Man Utd,65,0,0,0,0,0,0,0,0,0,0,0,0,1,0,0,0,0,0,0,0,0.0
Pedro Lomba Neto,0,0,0,1,MID,62,Wolves,22,0,0,0,0,0,0,0,0,0,0,0,0,0,0,0,0,0,0,0,1,0.0
Pelenda Joshua Dasilva,0,0,0,1,MID,53,Brentford,7,0,0,1,0,0,0,0,0,0,0,0,0,0,0,0,0,0,0,0,0,0.0
Phil Bardsley,1,0,0,0,DEF,39,Burnley,0,0,0,0,0,1,0,0,0,0,0,0,0,0,0,0,0,0,0,0,0,-0.0
Phil Foden,0,0,0,1,MID,79,Man City,137,0,0,0,0,0,0,0,0,0,0,0,1,0,0,0,0,0,0,0,0,0.0
Phil Jones,1,0,0,0,DEF,45,Man Utd,4,0,0,0,0,0,0,0,0,0,0,0,0,1,0,0,0,0,0,0,0,0.0
Philip Zinckernagel,0,0,0,1,MID,55,Watford,0,0,0,0,0,0,0,0,0,0,0,0,0,0,0,0,0,0,1,0,0,0.0
Philippe Coutinho Correia,0,0,0,1,MID,71,Aston Villa,83,0,1,0,0,0,0,0,0,0,0,0,0,0,0,0,0,0,0,0,0,0.0
Pierluigi Gollini,0,0,1,0,GK,42,Spurs,0,0,0,0,0,0,0,0,0,0,0,0,0,0,0,0,0,1,0,0,0,0.0
Pierre Ekwah,1,0,0,0,DEF,40,West Ham,0,0,0,0,0,0,0,0,0,0,0,0,0,0,0,0,0,0,0,1,0,-0.0
Pierre Lees-Melou,0,0,0,1,MID,48,Norwich,70,0,0,0,0,0,0,0,0,0,0,0,0,0,0,1,0,0,0,0,0,0.0
Pierre-Emerick Aubameyang,0,1,0,0,FWD,96,Arsenal,44,1,0,0,0,0,0,0,0,0,0,0,0,0,0,0,0,0,0,0,0,0.0
Pierre-Emile Højbjerg,0,0,0,1,MID,48,Spurs,109,0,0,0,0,0,0,0,0,0,0,0,0,0,0,0,0,1,0,0,0,0.0
Pontus Jansson,1,0,0,0,DEF,45,Brentford,122,0,0,1,0,0,0,0,0,0,0,0,0,0,0,0,0,0,0,0,0,0.0
Przemyslaw Placheta,0,0,0,1,MID,47,Norwich,18,0,0,0,0,0,0,0,0,0,0,0,0,0,0,1,0,0,0,0,0,0.0
Raheem Sterling,0,0,0,1,MID,105,Man City,163,0,0,0,0,0,0,0,0,0,0,0,1,0,0,0,0,0,0,0,0,0.0
Raphael Dias Belloli,0,0,0,1,MID,63,Leeds,145,0,0,0,0,0,0,0,0,1,0,0,0,0,0,0,0,0,0,0,0,0.0
Raphaël Varane,1,0,0,0,DEF,55,Man Utd,75,0,0,0,0,0,0,0,0,0,0,0,0,1,0,0,0,0,0,0,0,0.0
Rayan Ait Nouri,1,0,0,0,DEF,41,Wolves,87,0,0,0,0,0,0,0,0,0,0,0,0,0,0,0,0,0,0,0,1,0.0
Raúl Jiménez,0,1,0,0,FWD,75,Wolves,101,0,0,0,0,0,0,0,0,0,0,0,0,0,0,0,0,0,0,0,1,0.0
Reece Hannam,1,0,0,0,DEF,39,Crystal Palace,0,0,0,0,0,0,0,1,0,0,0,0,0,0,0,0,0,0,0,0,0,0.0
Reece James,1,0,0,0,DEF,65,Chelsea,141,0,0,0,0,0,1,0,0,0,0,0,0,0,0,0,0,0,0,0,0,0.0
Reece Welch,1,0,0,0,DEF,40,Everton,0,0,0,0,0,0,0,0,1,0,0,0,0,0,0,0,0,0,0,0,0,0.0
Reiss Nelson,0,0,0,1,MID,50,Arsenal,1,1,0,0,0,0,0,0,0,0,0,0,0,0,0,0,0,0,0,0,0,0.0
Remi Matthews,0,0,1,0,GK,39,Crystal Palace,0,0,0,0,0,0,0,1,0,0,0,0,0,0,0,0,0,0,0,0,0,0.0
Rhys Williams,1,0,0,0,DEF,44,Liverpool,0,0,0,0,0,0,0,0,0,0,0,1,0,0,0,0,0,0,0,0,0,0.0
Ricardo Domingos Barbosa Pereira,1,0,0,0,DEF,52,Leicester,35,0,0,0,0,0,0,0,0,0,1,0,0,0,0,0,0,0,0,0,0,0.0
Richarlison de Andrade,0,1,0,0,FWD,76,Everton,125,0,0,0,0,0,0,0,1,0,0,0,0,0,0,0,0,0,0,0,0,0.0
Rico Henry,1,0,0,0,DEF,45,Brentford,108,0,0,1,0,0,0,0,0,0,0,0,0,0,0,0,0,0,0,0,0,0.0
Riyad Mahrez,0,0,0,1,MID,86,Man City,135,0,0,0,0,0,0,0,0,0,0,0,1,0,0,0,0,0,0,0,0,0.0
Rob Holding,1,0,0,0,DEF,41,Arsenal,29,1,0,0,0,0,0,0,0,0,0,0,0,0,0,0,0,0,0,0,0,0.0
Robert Elliot,0,0,1,0,GK,40,Watford,0,0,0,0,0,0,0,0,0,0,0,0,0,0,0,0,0,0,1,0,0,0.0
Robert Kenedy Nunes do Nascimento,1,0,0,0,DEF,45,Chelsea,4,0,0,0,0,0,1,0,0,0,0,0,0,0,0,0,0,0,0,0,0,0.0
Robert Street,0,1,0,0,FWD,45,Crystal Palace,0,0,0,0,0,0,0,1,0,0,0,0,0,0,0,0,0,0,0,0,0,0.0
Robert Sánchez,0,0,1,0,GK,45,Brighton,126,0,0,0,1,0,0,0,0,0,0,0,0,0,0,0,0,0,0,0,0,0.0
Roberto Firmino,0,1,0,0,FWD,87,Liverpool,62,0,0,0,0,0,0,0,0,0,0,1,0,0,0,0,0,0,0,0,0,0.0
Robin Koch,1,0,0,0,DEF,43,Leeds,23,0,0,0,0,0,0,0,0,1,0,0,0,0,0,0,0,0,0,0,0,0.0
Robin Olsen,0,0,1,0,GK,40,Aston Villa,1,0,1,0,0,0,0,0,0,0,0,0,0,0,0,0,0,0,0,0,0,0.0
Rodrigo Bentancur,0,0,0,1,MID,49,Spurs,52,0,0,0,0,0,0,0,0,0,0,0,0,0,0,0,0,1,0,0,0,0.0
Rodrigo Hernandez,0,0,0,1,MID,55,Man City,127,0,0,0,0,0,0,0,0,0,0,0,1,0,0,0,0,0,0,0,0,0.0
Rodrigo Moreno,0,1,0,0,FWD,63,Leeds,85,0,0,0,0,0,0,0,0,1,0,0,0,0,0,0,0,0,0,0,0,0.0
Romain Perraud,1,0,0,0,DEF,48,Southampton,38,0,0,0,0,0,0,0,0,0,0,0,0,0,0,0,1,0,0,0,0,0.0
Romain Saïss,1,0,0,0,DEF,48,Wolves,109,0,0,0,0,0,0,0,0,0,0,0,0,0,0,0,0,0,0,0,1,0.0
Romelu Lukaku,0,1,0,0,FWD,114,Chelsea,87,0,0,0,0,0,1,0,0,0,0,0,0,0,0,0,0,0,0,0,0,0.0
Romeo Lavia,0,0,0,1,MID,44,Man City,0,0,0,0,0,0,0,0,0,0,0,0,1,0,0,0,0,0,0,0,0,0.0
Ross Barkley,0,0,0,1,MID,52,Chelsea,14,0,0,0,0,0,1,0,0,0,0,0,0,0,0,0,0,0,0,0,0,0.0
Ruben Loftus-Cheek,0,0,0,1,MID,54,Chelsea,52,0,0,0,0,0,1,0,0,0,0,0,0,0,0,0,0,0,0,0,0,0.0
Rui Pedro dos Santos Patrício,0,0,1,0,GK,50,Wolves,0,0,0,0,0,0,0,0,0,0,0,0,0,0,0,0,0,0,0,0,1,0.0
Ryan Alebiosu,1,0,0,0,DEF,40,Arsenal,0,1,0,0,0,0,0,0,0,0,0,0,0,0,0,0,0,0,0,0,0,-0.0
Ryan Bertrand,1,0,0,0,DEF,46,Leicester,4,0,0,0,0,0,0,0,0,0,1,0,0,0,0,0,0,0,0,0,0,0.0
Ryan Fraser,0,0,0,1,MID,51,Newcastle,78,0,0,0,0,0,0,0,0,0,0,0,0,0,1,0,0,0,0,0,0,0.0
Ryan Fredericks,1,0,0,0,DEF,44,West Ham,7,0,0,0,0,0,0,0,0,0,0,0,0,0,0,0,0,0,0,1,0,0.0
Ryan Giles,0,0,0,1,MID,45,Wolves,0,0,0,0,0,0,0,0,0,0,0,0,0,0,0,0,0,0,0,0,1,-0.0
Ryan Sessegnon,1,0,0,0,DEF,44,Spurs,56,0,0,0,0,0,0,0,0,0,0,0,0,0,0,0,0,1,0,0,0,0.0
Rúben Diogo da Silva Neves,0,0,0,1,MID,52,Wolves,95,0,0,0,0,0,0,0,0,0,0,0,0,0,0,0,0,0,0,0,1,0.0
Rúben Santos Gato Alves Dias,1,0,0,0,DEF,62,Man City,141,0,0,0,0,0,0,0,0,0,0,0,1,0,0,0,0,0,0,0,0,0.0
Rúnar Alex Rúnarsson,0,0,1,0,GK,40,Arsenal,0,1,0,0,0,0,0,0,0,0,0,0,0,0,0,0,0,0,0,0,0,0.0
Sadio Mané,0,0,0,1,MID,118,Liverpool,183,0,0,0,0,0,0,0,0,0,0,1,0,0,0,0,0,0,0,0,0,0.0
Salah-Eddine Oulad M'hand,0,0,0,1,MID,45,Arsenal,0,1,0,0,0,0,0,0,0,0,0,0,0,0,0,0,0,0,0,0,0,-0.0
Salomón Rondón,0,1,0,0,FWD,60,Everton,30,0,0,0,0,0,0,0,1,0,0,0,0,0,0,0,0,0,0,0,0,0.0
Sam Byram,1,0,0,0,DEF,44,Norwich,20,0,0,0,0,0,0,0,0,0,0,0,0,0,0,1,0,0,0,0,0,0.0
Sam Greenwood,0,1,0,0,FWD,46,Leeds,15,0,0,0,0,0,0,0,0,1,0,0,0,0,0,0,0,0,0,0,0,0.0
Sam Waller,0,0,1,0,GK,40,Burnley,0,0,0,0,0,1,0,0,0,0,0,0,0,0,0,0,0,0,0,0,0,0.0
Saman Ghoddos,0,0,0,1,MID,52,Brentford,30,0,0,1,0,0,0,0,0,0,0,0,0,0,0,0,0,0,0,0,0,0.0
Samir Caetano de Souza Santos,1,0,0,0,DEF,45,Watford,36,0,0,0,0,0,0,0,0,0,0,0,0,0,0,0,0,0,1,0,0,0.0
Samuel Edozie,0,0,0,1,MID,47,Man City,0,0,0,0,0,0,0,0,0,0,0,0,1,0,0,0,0,0,0,0,0,0.0
Samuel Kalu,0,0,0,1,MID,49,Watford,7,0,0,0,0,0,0,0,0,0,0,0,0,0,0,0,0,0,1,0,0,0.0
Saïd Benrahma,0,0,0,1,MID,59,West Ham,138,0,0,0,0,0,0,0,0,0,0,0,0,0,0,0,0,0,0,1,0,0.0
Saúl Ñíguez,0,0,0,1,MID,49,Chelsea,16,0,0,0,0,0,1,0,0,0,0,0,0,0,0,0,0,0,0,0,0,0.0
Scott Banks,0,0,0,1,MID,45,Crystal Palace,0,0,0,0,0,0,0,1,0,0,0,0,0,0,0,0,0,0,0,0,0,0.0
Scott Carson,0,0,1,0,GK,39,Man City,0,0,0,0,0,0,0,0,0,0,0,0,1,0,0,0,0,0,0,0,0,0.0
Scott McTominay,0,0,0,1,MID,54,Man Utd,68,0,0,0,0,0,0,0,0,0,0,0,0,1,0,0,0,0,0,0,0,0.0
Sead Kolasinac,1,0,0,0,DEF,42,Arsenal,0,1,0,0,0,0,0,0,0,0,0,0,0,0,0,0,0,0,0,0,0,0.0
Seamus Coleman,1,0,0,0,DEF,49,Everton,79,0,0,0,0,0,0,0,1,0,0,0,0,0,0,0,0,0,0,0,0,0.0
Sean Longstaff,0,0,0,1,MID,43,Newcastle,48,0,0,0,0,0,0,0,0,0,0,0,0,0,1,0,0,0,0,0,0,0.0
Serge Aurier,1,0,0,0,DEF,49,Spurs,0,0,0,0,0,0,0,0,0,0,0,0,0,0,0,0,0,1,0,0,0,0.0
Sergi Canós,0,0,0,1,MID,55,Brentford,81,0,0,1,0,0,0,0,0,0,0,0,0,0,0,0,0,0,0,0,0,0.0
Sergio Reguilón,1,0,0,0,DEF,50,Spurs,104,0,0,0,0,0,0,0,0,0,0,0,0,0,0,0,0,1,0,0,0,0.0
Shandon Baptiste,0,0,0,1,MID,49,Brentford,35,0,0,1,0,0,0,0,0,0,0,0,0,0,0,0,0,0,0,0,0,0.0
Shane Duffy,1,0,0,0,DEF,40,Brighton,48,0,0,0,1,0,0,0,0,0,0,0,0,0,0,0,0,0,0,0,0,0.0
Shane Long,0,1,0,0,FWD,54,Southampton,19,0,0,0,0,0,0,0,0,0,0,0,0,0,0,0,1,0,0,0,0,0.0
Shaqai Forde,0,1,0,0,FWD,45,Watford,0,0,0,0,0,0,0,0,0,0,0,0,0,0,0,0,0,0,1,0,0,-0.0
Shola Shoretire,0,0,0,1,MID,45,Man Utd,1,0,0,0,0,0,0,0,0,0,0,0,0,1,0,0,0,0,0,0,0,0.0
Solomon March,0,0,0,1,MID,53,Brighton,61,0,0,0,1,0,0,0,0,0,0,0,0,0,0,0,0,0,0,0,0,0.0
Sonny Perkins,0,0,0,1,MID,45,West Ham,1,0,0,0,0,0,0,0,0,0,0,0,0,0,0,0,0,0,0,1,0,0.0
Steven Alzate,0,0,0,1,MID,48,Brighton,13,0,0,0,1,0,0,0,0,0,0,0,0,0,0,0,0,0,0,0,0,0.0
Steven Bergwijn,0,0,0,1,MID,59,Spurs,55,0,0,0,0,0,0,0,0,0,0,0,0,0,0,0,0,1,0,0,0,0.0
Stipe Perica,0,1,0,0,FWD,45,Watford,0,0,0,0,0,0,0,0,0,0,0,0,0,0,0,0,0,0,1,0,0,0.0
Stuart Armstrong,0,0,0,1,MID,58,Southampton,57,0,0,0,0,0,0,0,0,0,0,0,0,0,0,0,1,0,0,0,0,0.0
Stuart Dallas,0,0,0,1,MID,49,Leeds,80,0,0,0,0,0,0,0,0,1,0,0,0,0,0,0,0,0,0,0,0,0.0
Stuart McKinstry,0,0,0,1,MID,43,Leeds,1,0,0,0,0,0,0,0,0,1,0,0,0,0,0,0,0,0,0,0,0,0.0
Takehiro Tomiyasu,1,0,0,0,DEF,45,Arsenal,75,1,0,0,0,0,0,0,0,0,0,0,0,0,0,0,0,0,0,0,0,0.0
Takumi Minamino,0,0,0,1,MID,51,Liverpool,28,0,0,0,0,0,0,0,0,0,0,1,0,0,0,0,0,0,0,0,0,0.0
Tammy Abraham,0,1,0,0,FWD,65,Chelsea,0,0,0,0,0,0,1,0,0,0,0,0,0,0,0,0,0,0,0,0,0,0.0
Tanguy Ndombele,0,0,0,1,MID,57,Spurs,22,0,0,0,0,0,0,0,0,0,0,0,0,0,0,0,0,1,0,0,0,0.0
Tariq Lamptey,1,0,0,0,DEF,45,Brighton,74,0,0,0,1,0,0,0,0,0,0,0,0,0,0,0,0,0,0,0,0,0.0
Tariqe Fosu-Henry,0,0,0,1,MID,51,Brentford,1,0,0,1,0,0,0,0,0,0,0,0,0,0,0,0,0,0,0,0,0,0.0
Taylor Richards,0,0,0,1,MID,45,Brighton,2,0,0,0,1,0,0,0,0,0,0,0,0,0,0,0,0,0,0,0,0,0.0
Tayo Adaramola,1,0,0,0,DEF,40,Crystal Palace,0,0,0,0,0,0,0,1,0,0,0,0,0,0,0,0,0,0,0,0,0,0.0
Teemu Pukki,0,1,0,0,FWD,61,Norwich,142,0,0,0,0,0,0,0,0,0,0,0,0,0,0,1,0,0,0,0,0,0.0
Theo Walcott,0,0,0,1,MID,58,Southampton,12,0,0,0,0,0,0,0,0,0,0,0,0,0,0,0,1,0,0,0,0,0.0
Thiago Alcántara do Nascimento,0,0,0,1,MID,53,Liverpool,69,0,0,0,0,0,0,0,0,0,0,1,0,0,0,0,0,0,0,0,0,0.0
Thiago Emiliano da Silva,1,0,0,0,DEF,56,Chelsea,130,0,0,0,0,0,1,0,0,0,0,0,0,0,0,0,0,0,0,0,0,0.0
Thierry Small,1,0,0,0,DEF,40,Southampton,0,0,0,0,0,0,0,0,0,0,0,0,0,0,0,0,1,0,0,0,0,0.0
Thomas Dickson-Peters,0,1,0,0,FWD,45,Norwich,0,0,0,0,0,0,0,0,0,0,0,0,0,0,0,1,0,0,0,0,0,0.0
Thomas McGill,0,0,1,0,GK,40,Brighton,0,0,0,0,1,0,0,0,0,0,0,0,0,0,0,0,0,0,0,0,0,0.0
Thomas Partey,0,0,0,1,MID,50,Arsenal,71,1,0,0,0,0,0,0,0,0,0,0,0,0,0,0,0,0,0,0,0,0.0
Tiago Çukur,0,1,0,0,FWD,45,Watford,0,0,0,0,0,0,0,0,0,0,0,0,0,0,0,0,0,0,1,0,0,-0.0
Tim Iroegbunam,0,0,0,1,MID,45,Aston Villa,4,0,1,0,0,0,0,0,0,0,0,0,0,0,0,0,0,0,0,0,0,0.0
Tim Krul,0,0,1,0,GK,45,Norwich,90,0,0,0,0,0,0,0,0,0,0,0,0,0,0,1,0,0,0,0,0,0.0
Timo Werner,0,1,0,0,FWD,85,Chelsea,62,0,0,0,0,0,1,0,0,0,0,0,0,0,0,0,0,0,0,0,0,0.0
Timothy Castagne,1,0,0,0,DEF,53,Leicester,75,0,0,0,0,0,0,0,0,0,1,0,0,0,0,0,0,0,0,0,0,0.0
Tino Livramento,1,0,0,0,DEF,42,Southampton,80,0,0,0,0,0,0,0,0,0,0,0,0,0,0,0,1,0,0,0,0,0.0
Tobi Omole,1,0,0,0,DEF,39,Spurs,0,0,0,0,0,0,0,0,0,0,0,0,0,0,0,0,0,1,0,0,0,0.0
Toby Alderweireld,1,0,0,0,DEF,50,Spurs,0,0,0,0,0,0,0,0,0,0,0,0,0,0,0,0,0,1,0,0,0,0.0
Todd Cantwell,0,0,0,1,MID,53,Norwich,10,0,0,0,0,0,0,0,0,0,0,0,0,0,0,1,0,0,0,0,0,0.0
Tom Cleverley,0,0,0,1,MID,48,Watford,48,0,0,0,0,0,0,0,0,0,0,0,0,0,0,0,0,0,1,0,0,0.0
Tom Davies,0,0,0,1,MID,48,Everton,12,0,0,0,0,0,0,0,1,0,0,0,0,0,0,0,0,0,0,0,0,0.0
Tom Heaton,0,0,1,0,GK,39,Man Utd,0,0,0,0,0,0,0,0,0,0,0,0,0,1,0,0,0,0,0,0,0,0.0
Tomas Soucek,0,0,0,1,MID,57,West Ham,114,0,0,0,0,0,0,0,0,0,0,0,0,0,0,0,0,0,0,1,0,0.0
Tommi O'Reilly,0,0,0,1,MID,45,Aston Villa,0,0,1,0,0,0,0,0,0,0,0,0,0,0,0,0,0,0,0,0,0,0.0
Tommy Doyle,0,0,0,1,MID,45,Man City,0,0,0,0,0,0,0,0,0,0,0,0,1,0,0,0,0,0,0,0,0,0.0
Tony Springett,0,0,0,1,MID,45,Norwich,3,0,0,0,0,0,0,0,0,0,0,0,0,0,0,1,0,0,0,0,0,0.0
Toti António Gomes,1,0,0,0,DEF,44,Wolves,6,0,0,0,0,0,0,0,0,0,0,0,0,0,0,0,0,0,0,0,1,0.0
Trent Alexander-Arnold,1,0,0,0,DEF,84,Liverpool,208,0,0,0,0,0,0,0,0,0,0,1,0,0,0,0,0,0,0,0,0,1.0
Trevoh Chalobah,1,0,0,0,DEF,47,Chelsea,99,0,0,0,0,0,1,0,0,0,0,0,0,0,0,0,0,0,0,0,0,0.0
Troy Deeney,0,1,0,0,FWD,54,Watford,2,0,0,0,0,0,0,0,0,0,0,0,0,0,0,0,0,0,1,0,0,0.0
Tyler Dibling,0,0,0,1,MID,45,Southampton,0,0,0,0,0,0,0,0,0,0,0,0,0,0,0,0,1,0,0,0,0,0.0
Tyler Morton,0,0,0,1,MID,45,Liverpool,1,0,0,0,0,0,0,0,0,0,0,1,0,0,0,0,0,0,0,0,0,0.0
Tyler Onyango,0,0,0,1,MID,45,Everton,3,0,0,0,0,0,0,0,1,0,0,0,0,0,0,0,0,0,0,0,0,0.0
Tyler Roberts,0,0,0,1,MID,48,Leeds,34,0,0,0,0,0,0,0,0,1,0,0,0,0,0,0,0,0,0,0,0,0.0
Tyrick Mitchell,1,0,0,0,DEF,45,Crystal Palace,109,0,0,0,0,0,0,1,0,0,0,0,0,0,0,0,0,0,0,0,0,0.0
Tyrone Mings,1,0,0,0,DEF,50,Aston Villa,118,0,1,0,0,0,0,0,0,0,0,0,0,0,0,0,0,0,0,0,0,0.0
Vicente Guaita,0,0,1,0,GK,46,Crystal Palace,119,0,0,0,0,0,0,1,0,0,0,0,0,0,0,0,0,0,0,0,0,0.0
Victor Lindelöf,1,0,0,0,DEF,48,Man Utd,66,0,0,0,0,0,0,0,0,0,0,0,0,1,0,0,0,0,0,0,0,0.0
Viljami Sinisalo,0,0,1,0,GK,40,Aston Villa,0,0,1,0,0,0,0,0,0,0,0,0,0,0,0,0,0,0,0,0,0,0.0
Vincent Angelini,0,0,1,0,GK,40,Watford,0,0,0,0,0,0,0,0,0,0,0,0,0,0,0,0,0,0,1,0,0,0.0
Virgil van Dijk,1,0,0,0,DEF,68,Liverpool,183,0,0,0,0,0,0,0,0,0,0,1,0,0,0,0,0,0,0,0,0,0.0
Vitalii Mykolenko,1,0,0,0,DEF,49,Everton,42,0,0,0,0,0,0,0,1,0,0,0,0,0,0,0,0,0,0,0,0,0.0
Vitaly Janelt,0,0,0,1,MID,49,Brentford,90,0,0,1,0,0,0,0,0,0,0,0,0,0,0,0,0,0,0,0,0,0.0
Vladimir Coufal,1,0,0,0,DEF,47,West Ham,70,0,0,0,0,0,0,0,0,0,0,0,0,0,0,0,0,0,0,1,0,0.0
Vontae Daley-Campbell,1,0,0,0,DEF,40,Leicester,0,0,0,0,0,0,0,0,0,0,1,0,0,0,0,0,0,0,0,0,0,0.0
Wayne Hennessey,0,0,1,0,GK,45,Burnley,4,0,0,0,0,1,0,0,0,0,0,0,0,0,0,0,0,0,0,0,0,0.0
Wesley Fofana,1,0,0,0,DEF,43,Leicester,17,0,0,0,0,0,0,0,0,0,1,0,0,0,0,0,0,0,0,0,0,0.0
Wesley Moraes,0,1,0,0,FWD,54,Aston Villa,1,0,1,0,0,0,0,0,0,0,0,0,0,0,0,0,0,0,0,0,0,0.0
Wilfred Ndidi,0,0,0,1,MID,48,Leicester,41,0,0,0,0,0,0,0,0,0,1,0,0,0,0,0,0,0,0,0,0,0.0
Wilfried Zaha,0,0,0,1,MID,69,Crystal Palace,150,0,0,0,0,0,0,1,0,0,0,0,0,0,0,0,0,0,0,0,0,0.0
Will Hughes,0,0,0,1,MID,47,Crystal Palace,34,0,0,0,0,0,0,1,0,0,0,0,0,0,0,0,0,0,0,0,0,0.0
Will Norris,0,0,1,0,GK,43,Burnley,0,0,0,0,0,1,0,0,0,0,0,0,0,0,0,0,0,0,0,0,0,0.0
William Saliba,1,0,0,0,DEF,45,Arsenal,0,1,0,0,0,0,0,0,0,0,0,0,0,0,0,0,0,0,0,0,0,0.0
William Smallbone,0,0,0,1,MID,45,Southampton,5,0,0,0,0,0,0,0,0,0,0,0,0,0,0,0,1,0,0,0,0,0.0
William Troost-Ekong,1,0,0,0,DEF,43,Watford,18,0,0,0,0,0,0,0,0,0,0,0,0,0,0,0,0,0,1,0,0,0.0
Willian Borges Da Silva,0,0,0,1,MID,63,Arsenal,0,1,0,0,0,0,0,0,0,0,0,0,0,0,0,0,0,0,0,0,0,0.0
Willy Boly,1,0,0,0,DEF,49,Wolves,17,0,0,0,0,0,0,0,0,0,0,0,0,0,0,0,0,0,0,0,1,0.0
Willy Caballero,0,0,1,0,GK,42,Southampton,2,0,0,0,0,0,0,0,0,0,0,0,0,0,0,0,1,0,0,0,0,0.0
Winston Reid,1,0,0,0,DEF,39,West Ham,0,0,0,0,0,0,0,0,0,0,0,0,0,0,0,0,0,0,0,1,0,0.0
Wout Weghorst,0,1,0,0,FWD,62,Burnley,55,0,0,0,0,1,0,0,0,0,0,0,0,0,0,0,0,0,0,0,0,0.0
Xherdan Shaqiri,0,0,0,1,MID,59,Liverpool,0,0,0,0,0,0,0,0,0,0,0,1,0,0,0,0,0,0,0,0,0,0.0
Yan Valery,1,0,0,0,DEF,39,Southampton,9,0,0,0,0,0,0,0,0,0,0,0,0,0,0,0,1,0,0,0,0,0.0
Yerry Mina,1,0,0,0,DEF,49,Everton,24,0,0,0,0,0,0,0,1,0,0,0,0,0,0,0,0,0,0,0,0,0.0
Yerson Mosquera Valdelamar,1,0,0,0,DEF,44,Wolves,0,0,0,0,0,0,0,0,0,0,0,0,0,0,0,0,0,0,0,0,1,0.0
Yoane Wissa,0,0,0,1,MID,57,Brentford,92,0,0,1,0,0,0,0,0,0,0,0,0,0,0,0,0,0,0,0,0,0.0
Youri Tielemans,0,0,0,1,MID,64,Leicester,120,0,0,0,0,0,0,0,0,0,1,0,0,0,0,0,0,0,0,0,0,0.0
Yves Bissouma,0,0,0,1,MID,44,Brighton,66,0,0,0,1,0,0,0,0,0,0,0,0,0,0,0,0,0,0,0,0,0.0
Zach Awe,1,0,0,0,DEF,40,Arsenal,0,1,0,0,0,0,0,0,0,0,0,0,0,0,0,0,0,0,0,0,0,0.0
Zack Steffen,0,0,1,0,GK,44,Man City,7,0,0,0,0,0,0,0,0,0,0,0,1,0,0,0,0,0,0,0,0,0.0
Zak Swanson,1,0,0,0,DEF,40,Arsenal,0,1,0,0,0,0,0,0,0,0,0,0,0,0,0,0,0,0,0,0,0,-0.0
Álvaro Fernández,0,0,1,0,GK,45,Man Utd,31,0,0,0,0,0,0,0,0,0,0,0,0,1,0,0,0,0,0,0,0,0.0
Álvaro Fernández,0,0,1,0,GK,45,Brentford,31,0,0,1,0,0,0,0,0,0,0,0,0,0,0,0,0,0,0,0,0,0.0
Álvaro Fernández,1,0,0,0,DEF,40,Man Utd,0,0,0,0,0,0,0,0,0,0,0,0,0,1,0,0,0,0,0,0,0,0.0
Álvaro Fernández,1,0,0,0,DEF,40,Brentford,0,0,0,1,0,0,0,0,0,0,0,0,0,0,0,0,0,0,0,0,0,0.0
Çaglar Söyüncü,1,0,0,0,DEF,49,Leicester,66,0,0,0,0,0,0,0,0,0,1,0,0,0,0,0,0,0,0,0,0,0.0
