x1,x2,x3,x4,x5,Name,Team,Position,Starting 11,Fantasy lineup
-0.0,0.0,-0.0,-0.0,-0.0,Aaron Connolly,Brighton,FWD,0.0,-0.0
-0.0,-0.0,-0.0,0.0,0.0,Aaron Cresswell,West Ham,DEF,0.0,0.0
-0.0,-0.0,-0.0,-0.0,-0.0,Aaron Lennon,Burnley,MID,0.0,-0.0
-0.0,-0.0,-0.0,1.0000000000000004,1.0000000000000002,Aaron Ramsdale,Arsenal,GK,1.0000000000000002,1.0
-0.0,-0.0,-0.0,-0.0,-0.0,Aaron Ramsey,Aston Villa,MID,0.0,-0.0
-0.0,-0.0,-0.0,0.0,-0.0,Aaron Wan-Bissaka,Man Utd,DEF,0.0,0.0
8.480254731125877e-30,8.480254731125877e-30,-0.0,8.480254731125877e-30,-0.0,Abdoulaye Doucouré,Everton,MID,8.480254731125877e-30,8.480254731125877e-30
-0.0,-0.0,-0.0,-0.0,-0.0,Abu Kamara,Norwich,FWD,0.0,-0.0
-0.0,-0.0,-0.0,-0.0,-0.0,Adam Armstrong,Southampton,FWD,0.0,0.0
-0.0,-0.0,-0.0,-0.0,-0.0,Adam Forshaw,Leeds,MID,0.0,-0.0
-0.0,0.0,-0.0,-0.0,-0.0,Adam Idah,Norwich,FWD,0.0,-0.0
-0.0,-0.0,-0.0,-0.0,-0.0,Adam Lallana,Brighton,MID,0.0,-0.0
-0.0,0.0,-0.0,-0.0,-0.0,Adam Masina,Watford,DEF,0.0,0.0
-0.0,-0.0,-0.0,-0.0,0.0,Adam Webster,Brighton,DEF,0.0,-0.0
-0.0,-0.0,-0.0,-0.0,-0.0,Adama Traoré,Wolves,MID,0.0,-0.0
0.0,0.0,0.0,0.0,0.0,Adedapo Awokoya-Mebude,Watford,FWD,0.0,-0.0
0.0,0.0,0.0,0.0,-0.0,Ademola Lookman,Leicester,MID,0.0,-0.0
0.0,0.0,0.0,0.0,0.0,Adrian Blake,Watford,MID,0.0,-0.0
0.0,0.0,0.0,0.0,0.0,Adrián San Miguel del Castillo,Liverpool,GK,0.0,-0.0
0.0,0.0,-0.0,-0.0,-0.0,Ainsley Maitland-Niles,Arsenal,MID,0.0,-0.0
0.0,0.0,0.0,0.0,0.0,Ajibola Alese,West Ham,DEF,0.0,-0.0
-0.0,-0.0,0.0,-0.0,-0.0,Albert Sambi Lokonga,Arsenal,MID,0.0,-0.0
0.0,0.0,0.0,0.0,0.0,Alejandro Garnacho Ferreyra,Man Utd,MID,0.0,-0.0
-0.0,-0.0,-0.0,-0.0,-0.0,Alex Iwobi,Everton,MID,0.0,-0.0
0.0,0.0,0.0,0.0,0.0,Alex Kirk,Arsenal,DEF,0.0,0.0
0.0,0.0,0.0,0.0,0.0,Alex Kral,West Ham,MID,0.0,-0.0
-0.0,-0.0,-0.0,0.0,-0.0,Alex McCarthy,Southampton,GK,0.0,-0.0
0.0,0.0,0.0,0.0,0.0,Alex Nicolao Telles,Man Utd,DEF,0.0,-0.0
-0.0,0.0,0.0,-0.0,0.0,Alex Oxlade-Chamberlain,Liverpool,MID,0.0,-0.0
0.0,0.0,0.0,0.0,0.0,Alexandre Lacazette,Arsenal,FWD,0.0,0.0
0.0,-0.0,-0.0,-0.0,0.0,Alexis Mac Allister,Brighton,MID,0.0,-0.0
0.0,0.0,0.0,0.0,0.0,Alfie Devine,Spurs,MID,0.0,-0.0
0.0,0.0,0.0,0.0,0.0,Alireza Jahanbakhsh,Brighton,MID,0.0,-0.0
-0.0,4.671111894857648e-16,-0.0,1.167777973714412e-16,-0.0,Alisson Ramses Becker,Liverpool,GK,0.0,1.167777973714412e-16
-0.0,-0.0,0.0,-0.0,-0.0,Allan Marques Loureiro,Everton,MID,0.0,-0.0
-0.0,-0.0,-0.0,2.4918655950099333e-15,-0.0,Allan Saint-Maximin,Newcastle,FWD,0.0,4.983731190019857e-16
0.0,0.0,0.0,0.0,0.0,Alphonse Areola,West Ham,GK,0.0,0.0
0.0,0.0,0.0,0.0,0.0,Amad Diallo,Man Utd,MID,0.0,-0.0
0.0,0.0,0.0,0.0,0.0,Andi Zeqiri,Brighton,FWD,0.0,-0.0
0.0,0.0,0.0,0.0,0.0,Andre Gray,Watford,FWD,0.0,-0.0
-0.0,-0.0,-0.0,0.0,-0.0,Andreas Christensen,Chelsea,DEF,0.0,0.0
0.0,0.0,0.0,0.0,0.0,Andreas Pereira,Man Utd,MID,0.0,-0.0
0.0,0.0,0.0,0.0,0.0,Andreas Söndergaard,Wolves,GK,0.0,0.0
0.0,0.0,0.0,0.0,0.0,Andrew Omobamidele,Norwich,DEF,0.0,-0.0
0.0,0.0,-0.0,0.0,0.0,Andrew Robertson,Liverpool,DEF,0.0,-0.0
-0.0,-0.0,-0.0,-0.0,-0.0,Andriy Yarmolenko,West Ham,MID,0.0,-0.0
0.0,-0.0,-0.0,-0.0,-0.0,Andros Townsend,Everton,MID,0.0,0.0
0.0,0.0,-0.0,-0.0,-0.0,André Filipe Tavares Gomes,Everton,MID,0.0,-0.0
0.0,0.0,0.0,0.0,0.0,Andy Lonergan,Everton,GK,0.0,-0.0
-0.0,-0.0,-0.0,7.888609052210118e-31,-0.0,Angelo Ogbonna,West Ham,DEF,0.0,-0.0
0.0,0.0,0.0,0.0,0.0,Angus Gunn,Norwich,GK,0.0,-0.0
0.0,0.0,0.0,0.0,0.0,Anthony Elanga,Man Utd,MID,0.0,-0.0
0.0,0.0,0.0,0.0,-0.0,Anthony Gordon,Everton,MID,0.0,-0.0
0.0,0.0,0.0,0.0,0.0,Anthony Mancini,Burnley,MID,0.0,-0.0
-0.0,-0.0,-0.0,-0.0,0.0,Anthony Martial,Man Utd,FWD,0.0,-0.0
1.0,1.0,1.0,1.0,1.0,Antonio Rüdiger,Chelsea,DEF,0.999999999999992,0.9999999999999916
-0.0,0.0,-0.0,0.0,0.0,Anwar El Ghazi,Everton,MID,0.0,-0.0
0.0,0.0,0.0,0.0,0.0,Archie Gray,Leeds,MID,0.0,-0.0
0.0,0.0,-0.0,-0.0,-0.0,Armando Broja,Southampton,FWD,0.0,-0.0
0.0,0.0,0.0,0.0,0.0,Armstrong Oko-Flex,West Ham,MID,0.0,-0.0
0.0,0.0,0.0,0.0,0.0,Arthur Masuaku,West Ham,DEF,0.0,-0.0
0.0,0.0,0.0,0.0,0.0,Arthur Okonkwo,Arsenal,GK,0.0,-0.0
-0.0,-0.0,-0.0,-0.0,-0.0,Ashley Barnes,Burnley,FWD,0.0,-0.0
0.0,0.0,0.0,0.0,0.0,Ashley Fletcher,Watford,FWD,0.0,-0.0
0.0,0.0,-0.0,-0.0,-0.0,Ashley Westwood,Burnley,MID,0.0,-0.0
-0.0,-0.0,-0.0,0.0,-0.0,Ashley Young,Aston Villa,DEF,0.0,0.0
0.0,0.0,0.0,0.0,-0.0,Asmir Begović,Everton,GK,0.0,-0.0
0.0,-0.0,-0.0,-0.0,0.0,Axel Tuanzebe,Man Utd,DEF,0.0,-0.0
0.0,1.0,1.0,1.0,0.0,Aymeric Laporte,Man City,DEF,0.9999999999999979,0.9999999999999979
0.0,0.0,0.0,0.0,0.0,Ayotomiwa Dele-Bashiru,Watford,MID,0.0,-0.0
-0.0,0.0,0.0,0.0,0.0,Ayoze Pérez,Leicester,MID,0.0,-0.0
0.0,0.0,0.0,0.0,0.0,Bailey Peacock-Farrell,Burnley,GK,0.0,-0.0
0.0,-0.0,0.0,0.0,0.0,Bali Mumba,Norwich,DEF,0.0,-0.0
-0.0,0.0,-0.0,-0.0,-0.0,Bamidele Alli,Everton,MID,0.0,-0.0
0.0,0.0,0.0,0.0,0.0,Ben Davies,Liverpool,DEF,0.0,-0.0
0.0,0.0,0.0,0.0,0.0,Ben Davies,Spurs,DEF,0.0,-0.0
0.0,0.0,0.0,0.0,0.0,Ben Davies,Liverpool,DEF,0.0,-0.0
0.0,0.0,0.0,0.0,0.0,Ben Davies,Spurs,DEF,0.0,-0.0
0.0,0.0,0.0,0.0,-0.0,Ben Foster,Watford,GK,0.0,-0.0
-0.0,-0.0,-0.0,0.0,0.0,Ben Gibson,Norwich,DEF,0.0,-0.0
0.0,0.0,0.0,-0.0,0.0,Ben Godfrey,Everton,DEF,0.0,-0.0
-0.0,0.0,0.0,0.0,0.0,Ben Johnson,West Ham,DEF,0.0,-0.0
-0.0,-0.0,-0.0,0.0,-0.0,Ben Mee,Burnley,DEF,0.0,-0.0
0.0,0.0,0.0,0.0,0.0,Ben Nelson,Leicester,DEF,0.0,-0.0
-0.0,0.0,0.0,-0.0,0.0,Ben White,Arsenal,DEF,0.0,-0.0
0.0,0.0,0.0,0.0,0.0,Ben Wilmot,Watford,DEF,0.0,-0.0
0.0,0.0,0.0,0.0,0.0,Ben Woodburn,Liverpool,MID,0.0,-0.0
0.0,0.0,0.0,0.0,0.0,Benjamin Chilwell,Chelsea,DEF,0.0,-0.0
0.0,0.0,0.0,0.0,0.0,Benjamin Chrisene,Aston Villa,MID,0.0,-0.0
0.0,0.0,0.0,0.0,0.0,Benjamin Mendy,Man City,DEF,0.0,-0.0
0.0,0.0,0.0,0.0,0.0,Bernard Anício Caldeira Duarte,Everton,MID,0.0,-0.0
0.0,0.0,0.0,0.0,0.0,Bernardo Fernandes Da Silva Junior,Brighton,DEF,0.0,-0.0
0.0,-0.0,-0.0,0.0,-0.0,Bernardo Mota Veiga de Carvalho e Silva,Man City,MID,0.0,-0.0
-0.0,-0.0,-0.0,0.0,0.0,Bernd Leno,Arsenal,GK,0.0,-0.0
-0.0,0.0,0.0,-0.0,-0.0,Bertrand Traoré,Aston Villa,MID,0.0,-0.0
-0.0,-0.0,-0.0,0.0,-0.0,Billy Gilmour,Norwich,MID,0.0,-0.0
0.0,0.0,0.0,0.0,0.0,Björn Engels,Aston Villa,DEF,0.0,-0.0
0.0,0.0,0.0,0.0,0.0,Bobby Thomas,Burnley,DEF,0.0,-0.0
-0.0,-0.0,0.0,0.0,-0.0,Boubakary Soumaré,Leicester,MID,0.0,-0.0
0.0,0.0,0.0,0.0,0.0,Brandon Austin,Spurs,GK,0.0,-0.0
0.0,0.0,-0.0,-0.0,-0.0,Brandon Williams,Norwich,DEF,0.0,-0.0
0.0,0.0,0.0,0.0,0.0,Bruno André Cavaco Jordão,Wolves,MID,0.0,-0.0
0.0,0.0,0.0,0.0,0.0,Bruno Guimarães Rodriguez Moura,Newcastle,MID,0.0,-0.0
0.0,-0.0,-0.0,0.0,-0.0,Bruno Miguel Borges Fernandes,Man Utd,MID,0.0,-6.404997376017751e-15
0.0,0.0,0.0,0.0,-0.0,Bryan Gil Salvatierra,Spurs,MID,0.0,-0.0
-0.0,-0.0,-0.0,-0.0,0.0,Bryan Mbeumo,Brentford,MID,0.0,-0.0
-0.0,-0.0,-0.0,-0.0,0.0,Bukayo Saka,Arsenal,MID,0.0,-0.0
0.0,0.0,0.0,-0.0,0.0,Callum Hudson-Odoi,Chelsea,MID,0.0,-0.0
0.0,-0.0,0.0,0.0,0.0,Callum Wilson,Newcastle,FWD,0.0,-0.0
-0.0,0.0,0.0,0.0,0.0,Calum Chambers,Aston Villa,DEF,0.0,-0.0
0.0,0.0,0.0,0.0,0.0,Cameron Archer,Aston Villa,FWD,0.0,-0.0
0.0,0.0,0.0,0.0,0.0,Caoimhin Kelleher,Liverpool,GK,0.0,-0.0
0.0,0.0,-0.0,0.0,0.0,Carney Chukwuemeka,Aston Villa,MID,0.0,-0.0
0.0,0.0,0.0,0.0,0.0,Cenk Tosun,Everton,FWD,0.0,-0.0
0.0,0.0,0.0,0.0,0.0,Charlie Cresswell,Leeds,DEF,0.0,-0.0
0.0,0.0,0.0,0.0,0.0,Charlie Goode,Brentford,DEF,0.0,-0.0
0.0,0.0,0.0,0.0,0.0,Charlie Patino,Arsenal,MID,0.0,-0.0
0.0,0.0,0.0,0.0,0.0,Charlie Savage,Man Utd,MID,0.0,-0.0
-0.0,-0.0,-0.0,-0.0,-0.0,Charlie Taylor,Burnley,DEF,0.0,-0.0
0.0,0.0,0.0,0.0,0.0,Charlie Whitaker,Everton,MID,0.0,-0.0
0.0,-0.0,-0.0,0.0,-0.0,Che Adams,Southampton,FWD,0.0,-0.0
-0.0,0.0,-0.0,-0.0,-0.0,Cheikhou Kouyaté,Crystal Palace,DEF,0.0,-0.0
0.0,0.0,0.0,0.0,0.0,Chem Campbell,Wolves,MID,0.0,-0.0
-0.0,-0.0,0.0,-0.0,-0.0,Chris Wood,Newcastle,FWD,0.0,-0.0
-0.0,-0.0,-0.0,-0.0,-0.0,Christian Benteke,Crystal Palace,FWD,0.0,-0.0
0.0,0.0,0.0,0.0,0.0,Christian Eriksen,Brentford,MID,0.0,-0.0
-0.0,0.0,0.0,0.0,0.0,Christian Kabasele,Watford,DEF,0.0,-0.0
0.0,0.0,0.0,0.0,0.0,Christian Marques,Wolves,DEF,0.0,-0.0
0.0,-0.0,-0.0,-0.0,-0.0,Christian Nørgaard,Brentford,MID,0.0,-0.0
0.0,0.0,0.0,0.0,0.0,Christian Pulisic,Chelsea,MID,0.0,-0.0
0.0,0.0,0.0,0.0,0.0,Christoph Zimmermann,Norwich,DEF,0.0,-0.0
0.0,0.0,0.0,0.0,0.0,Christos Tzolis,Norwich,MID,0.0,0.0
-0.0,0.0,0.0,-0.0,-0.0,Ciaran Clark,Newcastle,DEF,0.0,-0.0
0.0,0.0,0.0,0.0,0.0,Cieran Slicker,Man City,GK,0.0,-0.0
0.0,0.0,0.0,0.0,0.0,Cody Drameh,Leeds,DEF,0.0,-0.0
0.0,0.0,0.0,0.0,0.0,Cole Palmer,Man City,MID,0.0,-0.0
0.0,0.0,0.0,0.0,0.0,Connor Roberts,Burnley,DEF,0.0,-0.0
0.0,0.0,0.0,0.0,0.0,Conor Bradley,Liverpool,DEF,0.0,-0.0
-0.0,-0.0,-0.0,0.0,-0.0,Conor Coady,Wolves,DEF,0.0,-0.0
0.0,0.0,0.0,0.0,0.0,Conor Coventry,West Ham,MID,0.0,-0.0
0.0,1.0000000000000016,1.0,1.0000000000000016,1.0000000000000016,Conor Gallagher,Crystal Palace,MID,1.0000000000000016,1.000000000000001
0.0,0.0,0.0,0.0,0.0,Conor Hourihane,Aston Villa,MID,0.0,-0.0
0.0,0.0,0.0,0.0,0.0,Conrad Egan-Riley,Man City,DEF,0.0,-0.0
-0.0,-0.0,-0.0,0.0,-0.0,Craig Cathcart,Watford,DEF,0.0,-0.0
-0.0,-0.0,-0.0,0.0,0.0,Craig Dawson,West Ham,DEF,0.0,-0.0
0.0,0.0,0.0,0.0,0.0,Cristian Romero,Spurs,DEF,0.0,0.0
0.0,0.0,0.0,0.0,1.262177448353619e-29,Cristiano Ronaldo dos Santos Aveiro,Man Utd,FWD,-0.0,-4.930380657631324e-30
0.0,0.0,0.0,0.0,-0.0,Crysencio Summerville,Leeds,MID,0.0,-0.0
0.0,0.0,0.0,0.0,-0.0,Curtis Jones,Liverpool,MID,0.0,-0.0
0.0,-0.0,-0.0,-0.0,0.0,Cédric Soares,Arsenal,DEF,0.0,-0.0
-0.0,-0.0,-0.0,-0.0,-0.0,César Azpilicueta,Chelsea,DEF,0.0,0.0
0.0,0.0,0.0,0.0,0.0,Dale Stephens,Burnley,MID,0.0,-0.0
0.0,0.0,0.0,0.0,-0.0,Dan Burn,Newcastle,DEF,0.0,-0.0
0.0,0.0,0.0,0.0,0.0,Dan Gosling,Watford,MID,0.0,-0.0
0.0,0.0,0.0,0.0,0.0,Dane Scarlett,Spurs,FWD,0.0,-0.0
0.0,-0.0,-0.0,0.0,0.0,Daniel Amartey,Leicester,DEF,0.0,-0.0
-0.0,-0.0,-0.0,-0.0,0.0,Daniel Bachmann,Watford,GK,0.0,-0.0
0.0,0.0,-0.0,-0.0,-0.0,Daniel Castelo Podence,Wolves,MID,0.0,-0.0
0.0,0.0,0.0,0.0,0.0,Daniel Chesters,West Ham,MID,0.0,-0.0
-0.0,0.0,-0.0,-0.0,-0.0,Daniel James,Leeds,MID,0.0,-0.0
0.0,0.0,0.0,0.0,0.0,Daniel N'Lundulu,Southampton,FWD,0.0,-0.0
0.0,-0.0,-0.0,-0.0,-0.0,Danny Ings,Aston Villa,FWD,0.0,0.0
0.0,0.0,0.0,0.0,0.0,Danny Rose,Watford,DEF,0.0,0.0
0.0,0.0,0.0,0.0,0.0,Danny Ward,Leicester,GK,0.0,-0.0
0.0,0.0,-0.0,-0.0,0.0,Danny Welbeck,Brighton,FWD,0.0,-0.0
0.0,0.0,0.0,0.0,0.0,Dara Costelloe,Burnley,MID,0.0,-0.0
0.0,0.0,0.0,0.0,0.0,Darren Randolph,West Ham,GK,0.0,-0.0
4.569450987289871e-16,-0.0,-0.0,-0.0,-0.0,David Raya Martin,Brentford,GK,0.0,9.138901974579773e-17
0.0,0.0,0.0,0.0,0.0,David de Gea,Man Utd,GK,0.0,0.0
0.0,0.0,-0.0,0.0,-0.0,Davinson Sánchez,Spurs,DEF,0.0,-0.0
0.0,0.0,0.0,0.0,0.0,Davy Pröpper,Brighton,MID,0.0,-0.0
0.0,0.0,0.0,0.0,0.0,Dean Henderson,Man Utd,GK,0.0,-0.0
-0.0,0.0,-0.0,-0.0,-0.0,Declan Rice,West Ham,MID,0.0,-0.0
0.0,0.0,0.0,0.0,0.0,Dejan Kulusevski,Spurs,MID,0.0,-0.0
0.0,0.0,0.0,0.0,0.0,Demarai Gray,Everton,MID,0.0,0.0
0.0,0.0,0.0,0.0,0.0,Dennis Praet,Leicester,MID,0.0,-0.0
0.0,0.0,0.0,0.0,0.0,Diego Llorente,Leeds,DEF,0.0,0.0
0.0,0.0,0.0,0.0,0.0,Dilan Markanday,Spurs,MID,0.0,0.0
-0.0,-0.0,0.0,0.0,0.0,Dimitris Giannoulis,Norwich,DEF,0.0,-0.0
1.5477790736538713e-14,-0.0,-0.0,-0.0,-0.0,Diogo Jota,Liverpool,MID,0.0,3.0955581473077555e-15
0.0,0.0,0.0,0.0,0.0,Dion Sanderson,Wolves,DEF,0.0,-0.0
0.0,0.0,0.0,0.0,0.0,Divock Origi,Liverpool,FWD,0.0,-0.0
0.0,0.0,0.0,0.0,0.0,Domingos Quina,Watford,MID,0.0,-0.0
2.1182342960923054e-15,2.1182342960923054e-15,2.1182342960923054e-15,0.0,0.0,Dominic Calvert-Lewin,Everton,FWD,2.1182342960923054e-15,2.1182342960923054e-15
0.0,0.0,0.0,0.0,0.0,Dominic Thompson,Brentford,DEF,0.0,-0.0
0.0,0.0,0.0,0.0,0.0,Donny van de Beek,Everton,MID,0.0,-0.0
0.0,-0.0,-0.0,-0.0,-0.0,Douglas Luiz Soares de Paulo,Aston Villa,MID,0.0,0.0
0.0,0.0,0.0,0.0,0.0,Dwight Gayle,Newcastle,FWD,0.0,-0.0
-0.0,-0.0,-0.0,-0.0,-0.0,Dwight McNeil,Burnley,MID,0.0,-0.0
0.0,0.0,0.0,0.0,0.0,Dynel Simeu,Southampton,DEF,0.0,-0.0
0.0,0.0,0.0,0.0,0.0,Eberechi Eze,Crystal Palace,MID,0.0,-0.0
0.0,0.0,0.0,0.0,0.0,Ed Turns,Brighton,DEF,0.0,-0.0
-0.0,-0.0,4.569450987289871e-16,-0.0,0.0,Ederson Santana de Moraes,Man City,GK,0.0,-0.0
0.0,0.0,0.0,0.0,0.0,Edinson Cavani,Man Utd,FWD,0.0,-0.0
0.0,0.0,0.0,0.0,0.0,Edo Kayembe,Watford,MID,0.0,-0.0
0.0,0.0,0.0,0.0,0.0,Edouard Mendy,Chelsea,GK,-4.4230687929249634e-16,-4.4230687929249634e-16
0.0,0.0,0.0,0.0,0.0,Edward Nketiah,Arsenal,FWD,0.0,-0.0
0.0,0.0,0.0,0.0,0.0,Eldin Jakupovic,Leicester,GK,0.0,-0.0
0.0,0.0,0.0,0.0,0.0,Ellery Balcombe,Brentford,GK,0.0,-0.0
0.0,0.0,0.0,0.0,0.0,Elliot Anderson,Newcastle,MID,0.0,-0.0
0.0,0.0,0.0,0.0,0.0,Ellis Simms,Everton,FWD,0.0,-0.0
0.0,0.0,0.0,0.0,0.0,Emerson Aparecido Leite de Souza Junior,Spurs,DEF,0.0,0.0
0.0,0.0,0.0,0.0,0.0,Emerson Palmieri dos Santos,Chelsea,DEF,0.0,-0.0
0.0,0.0,0.0,0.0,0.0,Emil Krafth,Newcastle,DEF,0.0,0.0
-0.0,-0.0,-0.0,-0.0,-0.0,Emile Smith Rowe,Arsenal,MID,0.0,-0.0
-0.0,-0.0,0.0,0.0,0.0,Emiliano Buendía Stati,Aston Villa,MID,0.0,-0.0
-0.0,-0.0,-0.0,0.0,0.0,Emiliano Martínez,Aston Villa,GK,0.0,-0.0
1.0,-0.0,-0.0,-0.0,1.0,Emmanuel Dennis,Watford,FWD,0.0,1.0
-0.0,-0.0,0.0,0.0,-0.0,Enock Mwepu,Brighton,MID,0.0,-0.0
0.0,0.0,0.0,0.0,0.0,Eric Bailly,Man Utd,DEF,0.0,-0.0
-0.0,-0.0,-0.0,-0.0,-0.0,Eric Dier,Spurs,DEF,0.0,0.0
0.0,0.0,0.0,0.0,0.0,Erik Lamela,Spurs,MID,0.0,-0.0
0.0,0.0,0.0,0.0,0.0,Erik Pieters,Burnley,DEF,0.0,-0.0
0.0,0.0,0.0,0.0,0.0,Ethan Ampadu,Chelsea,DEF,0.0,-0.0
0.0,-0.0,-0.0,-0.0,0.0,Ethan Pinnock,Brentford,DEF,0.0,-0.0
0.0,0.0,0.0,0.0,0.0,Evan Ferguson,Brighton,FWD,0.0,-0.0
-0.0,-0.0,-0.0,-0.0,0.0,Ezri Konsa Ngoyo,Aston Villa,DEF,0.0,-0.0
0.0,-0.0,0.0,0.0,0.0,Fabian Delph,Everton,MID,0.0,-0.0
0.0,0.0,-0.0,0.0,0.0,Fabian Schär,Newcastle,DEF,0.0,-0.0
-0.0,0.0,-0.0,-0.0,-0.0,Fabio Henrique Tavares,Liverpool,MID,0.0,0.0
-0.0,-0.0,-0.0,0.0,-0.0,Fabio Silva,Wolves,FWD,0.0,-0.0
-0.0,-0.0,-0.0,0.0,0.0,Federico Fernández,Newcastle,DEF,0.0,-0.0
-0.0,0.0,0.0,-0.0,-0.0,Fernando Luiz Rosa,Man City,MID,0.0,-0.0
-0.0,-0.0,-0.0,0.0,-0.0,Fernando Marçal,Wolves,DEF,0.0,-0.0
0.0,0.0,0.0,0.0,0.0,Ferran Torres,Man City,MID,0.0,0.0
0.0,0.0,0.0,0.0,0.0,Filip Marschall,Aston Villa,GK,0.0,-0.0
0.0,0.0,0.0,0.0,0.0,Finley Stevens,Brentford,DEF,0.0,-0.0
0.0,0.0,0.0,0.0,0.0,Florin Andone,Brighton,FWD,0.0,-0.0
-0.0,-0.0,0.0,0.0,0.0,Folarin Balogun,Arsenal,FWD,0.0,-0.0
0.0,0.0,0.0,0.0,0.0,Francisco Casilla Cortés,Leeds,GK,0.0,-0.0
0.0,0.0,0.0,0.0,0.0,Francisco Femenía Far,Watford,DEF,0.0,-0.0
0.0,0.0,0.0,0.0,0.0,Francisco Jorge Tomás Oliveira,Wolves,MID,0.0,-0.0
-0.0,-0.0,-0.0,-0.0,-0.0,Francisco Machado Mota de Castro Trincão,Wolves,MID,0.0,-0.0
0.0,0.0,-0.0,-0.0,0.0,Francisco Sierralta,Watford,DEF,0.0,-0.0
-0.0,-0.0,0.0,-0.0,-0.0,Frank Onyeka,Brentford,MID,0.0,-0.0
0.0,0.0,0.0,0.0,0.0,Fraser Forster,Southampton,GK,0.0,-0.0
-0.0,-0.0,-0.0,-0.0,0.0,Freddie Woodman,Newcastle,GK,0.0,-0.0
0.0,-0.0,-0.0,0.0,-0.0,Frederico Rodrigues de Paula Santos,Man Utd,MID,0.0,-0.0
0.0,0.0,0.0,0.0,0.0,Frederik Alves,West Ham,DEF,0.0,-0.0
0.0,0.0,0.0,0.0,0.0,Frédéric Guilbert,Aston Villa,DEF,0.0,-0.0
-0.0,0.0,0.0,-0.0,-0.0,Gabriel Fernando de Jesus,Man City,FWD,0.0,-1.480297366166876e-16
0.0,0.0,0.0,0.0,0.0,Gabriel Magalhães,Arsenal,DEF,0.0,-0.0
0.0,-0.0,0.0,0.0,0.0,Gabriel Teodoro Martinelli Silva,Arsenal,MID,0.0,-0.0
-0.0,-0.0,0.0,0.0,-0.0,Giovani Lo Celso,Spurs,MID,0.0,-0.0
-0.0,-0.0,-0.0,0.0,0.0,Granit Xhaka,Arsenal,MID,0.0,-0.0
-0.0,-0.0,-0.0,-0.0,-0.0,Grant Hanley,Norwich,DEF,0.0,-0.0
0.0,0.0,0.0,0.0,0.0,Gylfi Sigurdsson,Everton,MID,0.0,-0.0
0.0,0.0,0.0,0.0,0.0,Hakim Ziyech,Chelsea,MID,0.0,0.0
0.0,0.0,0.0,0.0,0.0,Halil Dervişoğlu,Brentford,FWD,0.0,-0.0
0.0,0.0,0.0,0.0,0.0,Hamza Choudhury,Leicester,MID,0.0,-0.0
0.0,0.0,0.0,0.0,0.0,Hannibal Mejbri,Man Utd,MID,-0.0,0.0
0.0,0.0,0.0,0.0,0.0,Harrison Ashby,West Ham,DEF,-0.0,0.0
0.0,-0.0,-0.0,-0.0,-0.0,Harry Kane,Spurs,FWD,0.0,-0.0
0.0,0.0,0.0,0.0,0.0,Harry Lewis,Southampton,GK,-0.0,6.310887241768095e-30
-0.0,-0.0,0.0,-0.0,-0.0,Harry Maguire,Man Utd,DEF,0.0,-0.0
0.0,0.0,0.0,0.0,0.0,Harry Tyrer,Everton,GK,-0.0,0.0
0.0,0.0,0.0,0.0,0.0,Harry Winks,Spurs,MID,0.0,0.0
-0.0,-0.0,-0.0,-0.0,-0.0,Harvey Barnes,Leicester,MID,0.0,-0.0
-0.0,-0.0,-0.0,-0.0,0.0,Harvey Elliott,Liverpool,MID,0.0,-0.0
0.0,0.0,0.0,0.0,0.0,Harvey Vale,Chelsea,MID,-0.0,0.0
0.0,0.0,0.0,0.0,0.0,Harvey White,Spurs,MID,0.0,-0.0
0.0,0.0,0.0,0.0,0.0,Hassane Kamara,Watford,DEF,-0.0,0.0
0.0,0.0,0.0,0.0,0.0,Haydon Roberts,Brighton,DEF,-0.0,0.0
0.0,0.0,0.0,0.0,-0.0,Hee-Chan Hwang,Wolves,FWD,0.0,0.0
0.0,0.0,-0.0,0.0,-0.0,Heung-Min Son,Spurs,MID,0.0,0.0
0.0,0.0,0.0,0.0,0.0,Hugo Bueno,Wolves,DEF,-0.0,0.0
1.0,1.0,1.0,-0.0,-0.0,Hugo Lloris,Spurs,GK,0.0,1.0
0.0,0.0,0.0,0.0,0.0,Héctor Bellerín,Arsenal,DEF,-0.0,0.0
-0.0,-0.0,0.0,-0.0,-0.0,Héctor Junior Firpo Adames,Leeds,DEF,0.0,-0.0
0.0,0.0,0.0,0.0,0.0,Hélder Wander Sousa de Azevedo e Costa,Leeds,MID,-0.0,0.0
0.0,0.0,0.0,0.0,0.0,Ian Carlo Poveda-Ocampo,Leeds,MID,-0.0,0.0
-0.0,-0.0,-0.0,-0.0,0.0,Ibrahima Diallo,Southampton,MID,0.0,-0.0
0.0,0.0,0.0,0.0,-0.0,Ibrahima Konaté,Liverpool,DEF,0.0,0.0
-0.0,-0.0,0.0,-0.0,-0.0,Ilkay Gündogan,Man City,MID,0.0,-0.0
-0.0,-0.0,-0.0,-0.0,-0.0,Illan Meslier,Leeds,GK,0.0,0.0
0.0,-0.0,0.0,0.0,0.0,Imrân Louza,Watford,MID,0.0,0.0
-0.0,-0.0,0.0,-0.0,-0.0,Isaac Hayden,Newcastle,MID,0.0,-0.0
0.0,0.0,0.0,0.0,0.0,Isaac Price,Everton,MID,-0.0,0.0
0.0,0.0,0.0,0.0,0.0,Isaac Success Ajayi,Watford,FWD,-0.0,0.0
1.0000000000000007,-0.0,-0.0,-0.0,1.0,Ismaila Sarr,Watford,MID,0.0,1.0000000000000007
0.0,0.0,0.0,0.0,0.0,Issa Diop,West Ham,DEF,-0.0,0.0
-0.0,-0.0,0.0,-0.0,-0.0,Ivan Toney,Brentford,FWD,0.0,0.0
0.0,0.0,0.0,0.0,0.0,Jack Butland,Crystal Palace,GK,-0.0,0.0
-0.0,-0.0,0.0,0.0,0.0,Jack Cork,Burnley,MID,0.0,-0.0
-0.0,-0.0,-0.0,-0.0,-0.0,Jack Grealish,Man City,MID,0.0,0.0
0.0,0.0,0.0,0.0,0.0,Jack Grieves,Watford,FWD,-0.0,0.0
-0.0,-0.0,-0.0,-0.0,0.0,Jack Harrison,Leeds,MID,0.0,-0.0
0.0,0.0,0.0,0.0,0.0,Jack Jenkins,Leeds,MID,-0.0,0.0
-0.0,-0.0,-0.0,-0.0,-0.0,Jack Stephens,Southampton,DEF,0.0,0.0
0.0,-0.0,-0.0,-0.0,-0.0,Jacob Murphy,Newcastle,MID,0.0,-0.0
-0.0,-0.0,0.0,-0.0,-0.0,Jacob Ramsey,Aston Villa,MID,0.0,-0.0
0.0,0.0,0.0,0.0,0.0,Jacob Sørensen,Norwich,DEF,-0.0,0.0
0.0,0.0,0.0,0.0,0.0,Jaden Philogene-Bidace,Aston Villa,MID,0.0,-0.0
-0.0,-0.0,-0.0,-0.0,-0.0,Jadon Sancho,Man Utd,MID,0.0,-0.0
0.0,0.0,0.0,0.0,-0.0,Jairo Riedewald,Crystal Palace,MID,0.0,0.0
-0.0,-0.0,-0.0,-0.0,-0.0,Jakub Moder,Brighton,MID,0.0,-0.0
0.0,-0.0,-0.0,-0.0,-0.0,Jamaal Lascelles,Newcastle,DEF,0.0,-0.0
0.0,0.0,0.0,0.0,0.0,Jamal Baptiste,West Ham,DEF,-0.0,0.0
0.0,0.0,0.0,0.0,0.0,Jamal Lewis,Newcastle,DEF,0.0,-0.0
0.0,0.0,0.0,0.0,0.0,James Justin,Leicester,DEF,-0.0,0.0
-0.0,-0.0,-0.0,-0.0,-0.0,James Maddison,Leicester,MID,0.0,-0.0
-0.0,-0.0,-0.0,-0.0,-0.0,James McArthur,Crystal Palace,MID,0.0,-0.0
0.0,0.0,0.0,0.0,0.0,James McAtee,Man City,MID,0.0,-0.0
0.0,0.0,0.0,0.0,-0.0,James Milner,Liverpool,MID,0.0,0.0
0.0,0.0,0.0,0.0,0.0,James Morris,Watford,DEF,-0.0,0.0
0.0,0.0,0.0,0.0,0.0,James Rodríguez,Everton,MID,-0.0,0.0
0.0,0.0,0.0,0.0,0.0,James Storer,Wolves,GK,-0.0,0.0
-0.0,-0.0,-0.0,-0.0,-0.0,James Tarkowski,Burnley,DEF,0.0,0.0
0.0,0.0,0.0,0.0,0.0,James Tomkins,Crystal Palace,DEF,-0.0,0.0
-0.0,-0.0,-0.0,-0.0,-0.0,James Ward-Prowse,Southampton,MID,0.0,0.0
0.0,0.0,0.0,0.0,0.0,Jamie Bowden,Spurs,MID,-0.0,0.0
0.0,-0.0,-0.0,0.0,-0.0,Jamie Shackleton,Leeds,MID,0.0,0.0
0.0,-0.0,-0.0,-0.0,0.0,Jamie Vardy,Leicester,FWD,0.0,0.0
0.0,-0.0,0.0,0.0,0.0,Jan Bednarek,Southampton,DEF,0.0,0.0
0.0,0.0,0.0,0.0,0.0,Jan Zamburek,Brentford,MID,0.0,-0.0
-0.0,0.0,0.0,0.0,-0.0,Jannik Vestergaard,Leicester,DEF,0.0,-0.0
0.0,-0.0,-0.0,-0.0,0.0,Japhet Tanganga,Spurs,DEF,0.0,-0.0
0.0,0.0,0.0,0.0,0.0,Jarell Quansah,Liverpool,DEF,-0.0,0.0
0.0,0.0,0.0,0.0,0.0,Jarosław Jach,Crystal Palace,DEF,-0.0,0.0
0.0,0.0,0.0,0.0,0.0,Jarrad Branthwaite,Everton,DEF,-0.0,0.0
-0.0,-0.0,-0.0,-0.0,0.0,Jarrod Bowen,West Ham,MID,0.0,-0.0
0.0,0.0,0.0,0.0,0.0,Jason Steele,Brighton,GK,-0.0,0.0
0.0,0.0,0.0,-0.0,-0.0,Javier Manquillo,Newcastle,DEF,1.0412963948917356e-28,1.0412963948917356e-28
-0.0,-0.0,0.0,-0.0,-0.0,Jay Rodriguez,Burnley,FWD,0.0,-0.0
0.0,0.0,0.0,0.0,0.0,Jean-Philippe Gbamin,Everton,MID,0.0,-0.0
0.0,0.0,0.0,0.0,0.0,Jean-Philippe Mateta,Crystal Palace,FWD,-0.0,0.0
0.0,0.0,0.0,0.0,0.0,Jed Steer,Aston Villa,GK,-0.0,0.0
0.0,0.0,0.0,0.0,0.0,Jeff Hendrick,Newcastle,MID,0.0,0.0
-0.0,-0.0,-0.0,0.0,0.0,Jeffrey Schlupp,Crystal Palace,MID,0.0,-0.0
0.0,0.0,-0.0,-0.0,-0.0,Jeremy Ngakia,Watford,DEF,0.0,-0.0
0.0,0.0,0.0,0.0,0.0,Jeremy Sarmiento,Brighton,MID,-0.0,0.0
0.0,-0.0,0.0,0.0,-0.0,Jesse Lingard,Man Utd,MID,0.0,0.0
0.0,0.0,0.0,0.0,0.0,Jesurun Rak-Sakyi,Crystal Palace,MID,0.0,-0.0
-0.0,-0.0,-0.0,-0.0,-0.0,Joachim Andersen,Crystal Palace,DEF,0.0,0.0
0.0,0.0,0.0,0.0,0.0,Joe Gelhardt,Leeds,FWD,-0.0,0.0
0.0,0.0,0.0,0.0,0.0,Joe Hart,Spurs,GK,-0.0,0.0
0.0,0.0,0.0,-0.0,0.0,Joe Rodon,Spurs,DEF,0.0,-0.0
0.0,0.0,0.0,0.0,0.0,Joe White,Newcastle,MID,0.0,-0.0
-0.0,-0.0,-0.0,-0.0,0.0,Joel Matip,Liverpool,DEF,0.0,0.0
-0.0,-0.0,-0.0,-0.0,-0.0,Joel Ward,Crystal Palace,DEF,0.0,0.0
-0.0,-0.0,-0.0,-0.0,-0.0,Joelinton Cássio Apolinário de Lira,Newcastle,FWD,0.0,0.0
-0.0,-0.0,-0.0,-0.0,-0.0,Johann Berg Gudmundsson,Burnley,MID,0.0,0.0
0.0,-0.0,0.0,-0.0,-0.0,John McGinn,Aston Villa,MID,0.0,-0.0
0.0,0.0,0.0,0.0,0.0,John Ruddy,Wolves,GK,-0.0,0.0
0.0,0.0,0.0,0.0,0.0,John Stones,Man City,DEF,-0.0,0.0
0.0,0.0,0.0,0.0,0.0,Jon McCracken,Norwich,GK,-0.0,0.0
0.0,0.0,0.0,0.0,0.0,Jonas Lössl,Brentford,GK,-0.0,0.0
0.0,0.0,0.0,0.0,0.0,Jonathan Castro Otto,Wolves,DEF,-0.0,0.0
0.0,0.0,0.0,0.0,0.0,Jonathan Rowe,Norwich,MID,0.0,-0.0
0.0,0.0,0.0,0.0,0.0,Jonathan Tomkinson,Norwich,DEF,-0.0,0.0
-0.0,0.0,0.0,0.0,0.0,Jonjo Shelvey,Newcastle,MID,-0.0,0.0
0.0,0.0,0.0,0.0,-0.0,Jonjoe Kenny,Everton,DEF,-0.0,0.0
0.0,0.0,0.0,-0.0,0.0,Jonny Evans,Leicester,DEF,0.0,-0.0
-0.0,-0.0,-0.0,-0.0,-0.0,Jordan Ayew,Crystal Palace,FWD,0.0,-0.0
0.0,-0.0,-0.0,-0.0,-0.0,Jordan Henderson,Liverpool,MID,0.0,-0.0
0.0,0.0,0.0,0.0,0.0,Jordan Hugill,Norwich,FWD,-0.0,0.0
-0.0,-0.0,-0.0,-0.0,0.0,Jordan Pickford,Everton,GK,0.0,0.0
-0.0,-0.0,-0.0,-0.0,-0.0,Jorge Luiz Frello Filho,Chelsea,MID,0.0,-0.0
0.0,0.0,0.0,0.0,0.0,Joseph Gomez,Liverpool,DEF,0.0,0.0
0.0,0.0,0.0,0.0,0.0,Joseph Hungbo,Watford,MID,-0.0,0.0
0.0,0.0,0.0,0.0,0.0,Joseph McGlynn,Burnley,FWD,-0.0,0.0
0.0,-0.0,-0.0,-0.0,-0.0,Joseph Willock,Newcastle,MID,0.0,-0.0
0.0,0.0,0.0,0.0,0.0,Josh Benson,Burnley,MID,-0.0,0.0
-0.0,-0.0,-0.0,-0.0,-0.0,Josh Brownhill,Burnley,MID,0.0,-0.0
0.0,0.0,0.0,0.0,0.0,Josh Feeney,Aston Villa,DEF,-0.0,0.0
0.0,0.0,0.0,0.0,0.0,Josh Martin,Norwich,MID,-0.0,0.0
0.0,-0.0,-0.0,-0.0,0.0,Joshua King,Watford,FWD,0.0,-0.0
-0.0,-0.0,-0.0,0.0,-0.0,Joshua Sargent,Norwich,FWD,0.0,-0.0
0.0,0.0,0.0,0.0,0.0,Joshua Wilson-Esbrand,Man City,DEF,-0.0,0.0
0.0,0.0,-0.0,0.0,0.0,José Diogo Dalot Teixeira,Man Utd,DEF,0.0,0.0
-0.0,-0.0,-0.0,-0.0,-0.0,José Malheiro de Sá,Wolves,GK,0.0,0.0
-0.0,-0.0,-0.0,-0.0,-0.0,João Filipe Iria Santos Moutinho,Wolves,MID,0.0,0.0
-0.0,0.0,-0.0,0.0,-0.0,João Pedro Cavaco Cancelo,Man City,DEF,0.0,0.0
0.0,0.0,0.0,0.0,0.0,João Pedro Junqueira de Jesus,Watford,FWD,0.0,-0.0
0.0,0.0,0.0,0.0,0.0,João Virgínia,Everton,GK,0.0,-0.0
0.0,0.0,-0.0,0.0,-0.0,Joël Veltman,Brighton,DEF,0.0,-0.0
0.0,-0.0,-0.0,-0.0,0.0,Juan Camilo Hernández Suárez,Watford,FWD,0.0,-0.0
0.0,0.0,0.0,0.0,0.0,Juan Mata,Man Utd,MID,0.0,-0.0
0.0,0.0,0.0,0.0,0.0,Julian Jeanvier,Brentford,DEF,0.0,-0.0
-0.0,0.0,-0.0,-0.0,-0.0,Juraj Kucka,Watford,MID,0.0,-0.0
0.0,0.0,0.0,0.0,0.0,Jürgen Locadia,Brighton,FWD,0.0,0.0
-0.0,-0.0,0.0,-0.0,-0.0,Kai Havertz,Chelsea,MID,0.0,-0.0
0.0,0.0,0.0,0.0,0.0,Kaide Gordon,Liverpool,MID,0.0,-0.0
0.0,0.0,0.0,0.0,0.0,Kaine Hayden,Aston Villa,DEF,0.0,-0.0
0.0,-0.0,-0.0,-0.0,-0.0,Kalvin Phillips,Leeds,MID,0.0,-0.0
0.0,0.0,0.0,0.0,0.0,Kamil Conteh,Watford,MID,0.0,-0.0
0.0,0.0,0.0,0.0,2.3490049380395576e-16,Karl Darlow,Newcastle,GK,2.3490049380395576e-16,2.3490049380395576e-16
0.0,0.0,0.0,0.0,0.0,Karl Hein,Arsenal,GK,0.0,-0.0
0.0,0.0,0.0,0.0,0.0,Kasey McAteer,Leicester,MID,0.0,-0.0
0.0,-0.0,-0.0,-0.0,-0.0,Kasper Schmeichel,Leicester,GK,0.0,-0.0
0.0,0.0,0.0,0.0,0.0,Kayky da Silva Chagas,Man City,FWD,0.0,-0.0
0.0,0.0,0.0,0.0,0.0,Keinan Davis,Aston Villa,FWD,0.0,-0.0
-0.0,-0.0,-0.0,-0.0,-0.0,Kelechi Iheanacho,Leicester,FWD,0.0,-0.0
-0.0,-0.0,0.0,-0.0,-0.0,Ken Sema,Watford,MID,0.0,-0.0
0.0,-0.0,-0.0,-0.0,-0.0,Kenny McLean,Norwich,MID,0.0,-0.0
0.0,0.0,0.0,0.0,-0.0,Kepa Arrizabalaga,Chelsea,GK,0.0,0.0
0.0,0.0,0.0,0.0,0.0,Kevin De Bruyne,Man City,MID,0.0,0.0
0.0,0.0,0.0,0.0,0.0,Kevin Long,Burnley,DEF,-0.0,0.0
0.0,0.0,0.0,0.0,0.0,Kgaogelo Chauke,Southampton,MID,-0.0,0.0
0.0,0.0,0.0,0.0,0.0,Ki-Jana Hoever,Wolves,DEF,-0.0,0.0
0.0,0.0,0.0,0.0,0.0,Kieran Dowell,Norwich,MID,0.0,0.0
-0.0,-0.0,-0.0,-0.0,-0.0,Kieran Tierney,Arsenal,DEF,0.0,0.0
0.0,0.0,0.0,0.0,0.0,Kieran Trippier,Newcastle,DEF,-0.0,0.0
0.0,0.0,0.0,0.0,0.0,Kiernan Dewsbury-Hall,Leicester,MID,0.0,0.0
0.0,0.0,0.0,0.0,0.0,Kjell Scherpen,Brighton,GK,-0.0,0.0
0.0,0.0,0.0,0.0,0.0,Konstantinos Mavropanos,Arsenal,DEF,-0.0,0.0
6.310887241768095e-30,6.310887241768095e-30,6.310887241768095e-30,0.0,-0.0,Konstantinos Tsimikas,Liverpool,DEF,6.310887241768095e-30,-0.0
0.0,0.0,0.0,0.0,0.0,Kortney Hause,Aston Villa,DEF,0.0,-0.0
0.0,0.0,0.0,0.0,0.0,Kris Moore,Leeds,DEF,-0.0,0.0
-0.0,-0.0,-0.0,-0.0,-0.0,Kristoffer Ajer,Brentford,DEF,0.0,0.0
0.0,0.0,0.0,0.0,0.0,Kristoffer Klaesson,Leeds,GK,-0.0,0.0
0.0,0.0,0.0,0.0,-0.0,Kurt Zouma,West Ham,DEF,-0.0,0.0
0.0,0.0,0.0,0.0,0.0,Kwadwo Baah,Watford,MID,0.0,-0.0
0.0,-0.0,-0.0,-0.0,-0.0,Kyle Walker,Man City,DEF,0.0,0.0
0.0,-0.0,-0.0,0.0,-0.0,Kyle Walker-Peters,Southampton,DEF,0.0,0.0
0.0,0.0,0.0,0.0,0.0,Lamare Bogarde,Aston Villa,DEF,-0.0,0.0
-0.0,0.0,0.0,0.0,0.0,Leander Dendoncker,Wolves,MID,0.0,-0.0
-0.0,-0.0,-0.0,0.0,-0.0,Leandro Trossard,Brighton,MID,0.0,0.0
0.0,0.0,0.0,0.0,0.0,Leo Fuhr Hjelde,Leeds,DEF,-0.0,0.0
-0.0,0.0,0.0,-0.0,0.0,Leon Bailey,Aston Villa,MID,0.0,-0.0
0.0,0.0,0.0,0.0,0.0,Lewis Bate,Leeds,MID,-0.0,0.0
0.0,0.0,0.0,0.0,0.0,Lewis Brunt,Leicester,MID,0.0,-0.0
0.0,0.0,0.0,0.0,0.0,Lewis Dobbin,Everton,FWD,-0.0,0.0
-0.0,-0.0,-0.0,0.0,-0.0,Lewis Dunk,Brighton,DEF,0.0,-0.0
0.0,0.0,0.0,0.0,0.0,Lewis Hall,Chelsea,MID,-0.0,0.0
0.0,0.0,0.0,0.0,0.0,Lewis Richardson,Burnley,FWD,0.0,0.0
-0.0,-0.0,-0.0,-0.0,-0.0,Liam Cooper,Leeds,DEF,0.0,-0.0
0.0,0.0,0.0,0.0,0.0,Liam Delap,Man City,FWD,-0.0,0.0
0.0,0.0,0.0,0.0,0.0,Liam Gibbs,Norwich,MID,-0.0,0.0
0.0,0.0,0.0,0.0,0.0,Liam McCarron,Leeds,MID,0.0,-0.0
0.0,0.0,0.0,0.0,0.0,Louie Moulden,Wolves,GK,-0.0,0.0
0.0,0.0,0.0,0.0,0.0,Lucas De Bolle,Newcastle,MID,0.0,-0.0
-0.0,-0.0,1.0255191767873153e-29,-0.0,-0.0,Lucas Digne,Aston Villa,DEF,0.0,-0.0
-0.0,-0.0,-0.0,-0.0,0.0,Lucas Rodrigues Moura da Silva,Spurs,MID,0.0,-0.0
0.0,0.0,0.0,0.0,0.0,Lucas Torreira,Arsenal,MID,-0.0,0.0
0.0,0.0,0.0,0.0,0.0,Luis Díaz,Liverpool,MID,-0.0,0.0
0.0,0.0,0.0,0.0,0.0,Luka Milivojevic,Crystal Palace,MID,0.0,-0.0
-0.0,-0.0,-0.0,-0.0,0.0,Lukas Rupp,Norwich,MID,0.0,-0.0
-0.0,-0.0,-0.0,-0.0,-0.0,Lukasz Fabianski,West Ham,GK,0.0,0.0
-0.0,-0.0,-0.0,-0.0,-0.0,Luke Ayling,Leeds,DEF,0.0,0.0
0.0,0.0,0.0,0.0,0.0,Luke Cundle,Wolves,MID,0.0,-0.0
0.0,0.0,0.0,0.0,0.0,Luke Mbete,Man City,DEF,-0.0,0.0
-0.0,-0.0,-0.0,-0.0,-0.0,Luke Shaw,Man Utd,DEF,0.0,0.0
0.0,-0.0,-0.0,0.0,0.0,Luke Thomas,Leicester,DEF,0.0,-0.0
0.0,0.0,0.0,0.0,0.0,Lyanco Evangelista Silveira Neves Vojnovic,Southampton,DEF,-0.0,0.0
0.0,0.0,0.0,0.0,0.0,Mads Bech Sørensen,Brentford,DEF,-0.0,0.0
-0.0,0.0,0.0,0.0,0.0,Mads Bidstrup,Brentford,MID,0.0,-0.0
0.0,0.0,0.0,0.0,-0.0,Mads Roerslev Rasmussen,Brentford,DEF,0.0,0.0
0.0,0.0,0.0,0.0,0.0,Mahmoud Ahmed Ibrahim Hassan,Aston Villa,MID,-0.0,0.0
0.0,0.0,0.0,0.0,0.0,Malang Sarr,Chelsea,DEF,-0.0,0.0
0.0,0.0,-0.0,0.0,-0.0,Manuel Lanzini,West Ham,MID,0.0,0.0
0.0,0.0,0.0,0.0,0.0,Marc Albrighton,Leicester,MID,0.0,0.0
0.0,0.0,0.0,0.0,-0.0,Marc Cucurella,Brighton,DEF,-0.0,0.0
-0.0,-0.0,-0.0,-0.0,-0.0,Marc Guéhi,Crystal Palace,DEF,0.0,0.0
0.0,0.0,0.0,0.0,0.0,Marc Leonard,Brighton,MID,-0.0,0.0
0.0,0.0,0.0,0.0,0.0,Marc Navarro,Watford,DEF,-0.0,0.0
0.0,0.0,0.0,0.0,0.0,Marcel Lavinier,Spurs,DEF,-0.0,0.0
0.0,0.0,0.0,0.0,0.0,Marcelo Flores,Arsenal,MID,-0.0,0.0
0.0,0.0,0.0,0.0,0.0,Marcelo de Araújo Pitaluga Filho,Liverpool,GK,-0.0,0.0
0.0,0.0,0.0,0.0,0.0,Marco Stiepermann,Norwich,MID,-0.0,0.0
1.0,1.0,1.0,1.0,1.0,Marcos Alonso,Chelsea,DEF,1.0,0.9999999999999996
0.0,0.0,0.0,0.0,0.0,Marcus Bettinelli,Chelsea,GK,-0.0,0.0
0.0,0.0,0.0,0.0,0.0,Marcus Forss,Brentford,FWD,-0.0,0.0
0.0,0.0,0.0,0.0,0.0,Marcus Rashford,Man Utd,MID,-0.0,0.0
0.0,0.0,0.0,0.0,0.0,Mark Gillespie,Newcastle,GK,0.0,0.0
0.0,0.0,0.0,0.0,-0.0,Mark Noble,West Ham,MID,0.0,0.0
0.0,0.0,0.0,0.0,0.0,Martin Dubravka,Newcastle,GK,-0.0,0.0
0.0,0.0,0.0,0.0,0.0,Martin Kelly,Crystal Palace,DEF,-0.0,0.0
0.0,0.0,0.0,0.0,0.0,Martin Ødegaard,Arsenal,MID,0.0,0.0
-0.0,0.0,-0.0,-0.0,-0.0,Marvelous Nakamba,Aston Villa,MID,0.0,-0.0
1.0,1.0,1.0,1.0000000000000009,1.0000000000000009,Mason Greenwood,Man Utd,MID,1.0000000000000009,1.0
0.0,0.0,-0.0,0.0,0.0,Mason Holgate,Everton,DEF,0.0,0.0
0.0,-0.0,-0.0,0.0,-0.0,Mason Mount,Chelsea,MID,0.0,-0.0
-0.0,0.0,-0.0,-0.0,-0.0,Matej Vydra,Burnley,FWD,0.0,-0.0
0.0,-0.0,-0.0,0.0,0.0,Mateo Kovacic,Chelsea,MID,0.0,-0.0
-0.0,-0.0,0.0,0.0,0.0,Mateusz Klich,Leeds,MID,0.0,0.0
0.0,0.0,0.0,0.0,0.0,Mathew Ryan,Brighton,GK,-0.0,0.0
0.0,0.0,0.0,0.0,0.0,Mathias Jensen,Brentford,MID,0.0,0.0
0.0,0.0,0.0,0.0,-0.0,Mathias Jorgensen,Brentford,DEF,0.0,0.0
0.0,0.0,0.0,0.0,-0.0,Mathias Normann,Norwich,MID,0.0,0.0
0.0,0.0,0.0,0.0,0.0,Matt Doherty,Spurs,DEF,-0.0,0.0
-0.0,-0.0,-0.0,-0.0,-0.0,Matt Ritchie,Newcastle,DEF,0.0,-0.0
-0.0,0.0,-0.0,-0.0,0.0,Matt Targett,Newcastle,DEF,0.0,-0.0
-0.0,-0.0,-0.0,-0.0,0.0,Matthew Cash,Aston Villa,DEF,0.0,0.0
0.0,0.0,0.0,0.0,0.0,Matthew Cox,Brentford,GK,-0.0,0.0
0.0,0.0,0.0,0.0,0.0,Matthew Craig,Spurs,MID,-0.0,0.0
0.0,0.0,0.0,0.0,0.0,Matthew Longstaff,Newcastle,MID,-0.0,0.0
-0.0,-0.0,-0.0,-0.0,-0.0,Matthew Lowton,Burnley,DEF,0.0,-0.0
0.0,0.0,0.0,0.0,0.0,Matthew Pollock,Watford,DEF,-0.0,0.0
0.0,0.0,0.0,0.0,0.0,Mattéo Guendouzi,Arsenal,MID,0.0,-0.0
-0.0,-0.0,-0.0,-0.0,-0.0,Max Aarons,Norwich,DEF,0.0,-0.0
-0.0,-0.0,-0.0,-0.0,-0.0,Max Kilman,Wolves,DEF,0.0,0.0
0.0,0.0,0.0,0.0,-0.0,Maxwel Cornet,Burnley,MID,0.0,0.0
0.0,0.0,0.0,0.0,0.0,Maxwell Haygarth,Brentford,MID,-0.0,0.0
0.0,0.0,0.0,0.0,0.0,Mazeed Ogungbo,Arsenal,DEF,-0.0,0.0
0.0,0.0,0.0,0.0,0.0,Mbwana Ally Samatta,Aston Villa,FWD,-0.0,0.0
-0.0,-0.0,-0.0,0.0,-0.0,Michael Keane,Everton,DEF,0.0,-0.0
0.0,0.0,0.0,0.0,0.0,Michael McGovern,Norwich,GK,-0.0,0.0
0.0,0.0,0.0,0.0,0.0,Michael Obafemi,Southampton,FWD,-0.0,0.0
0.0,0.0,0.0,0.0,0.0,Michael Olise,Crystal Palace,MID,0.0,0.0
1.0,1.0,1.0,0.0,0.0,Michail Antonio,West Ham,FWD,-0.0,1.0
0.0,0.0,0.0,0.0,0.0,Michal Karbownik,Brighton,DEF,-0.0,0.0
0.0,0.0,0.0,0.0,0.0,Michy Batshuayi,Chelsea,FWD,-0.0,0.0
-0.0,-0.0,-0.0,-0.0,-0.0,Miguel Almirón,Newcastle,MID,0.0,-0.0
0.0,0.0,0.0,0.0,0.0,Miguel Azeez,Arsenal,MID,-0.0,0.0
0.0,0.0,0.0,0.0,0.0,Mika Biereth,Arsenal,FWD,-0.0,0.0
-0.0,-0.0,-0.0,-0.0,-0.0,Milot Rashica,Norwich,MID,0.0,-0.0
0.0,0.0,0.0,0.0,0.0,Mohamed Elyounoussi,Southampton,MID,0.0,0.0
0.0,0.0,0.0,0.0,0.0,Mohamed Naser El Sayed Elneny,Arsenal,MID,0.0,-0.0
1.0,1.0,1.0,1.0,1.0,Mohamed Salah,Liverpool,MID,1.0,1.0
-0.0,-0.0,-0.0,-0.0,-0.0,Mohammed Salisu,Southampton,DEF,0.0,0.0
0.0,-0.0,0.0,0.0,0.0,Moise Kean,Everton,FWD,0.0,0.0
0.0,0.0,0.0,0.0,0.0,Moisés Caicedo,Brighton,MID,-0.0,0.0
-0.0,0.0,0.0,0.0,0.0,Morgan Gibbs-White,Wolves,MID,0.0,-0.0
0.0,0.0,0.0,0.0,0.0,Morgan Sanson,Aston Villa,MID,-0.0,0.0
-0.0,-0.0,-0.0,-0.0,0.0,Moussa Djenepo,Southampton,MID,0.0,-0.0
0.0,0.0,-0.0,-0.0,-0.0,Moussa Sissoko,Watford,MID,0.0,-0.0
0.0,0.0,0.0,0.0,0.0,Myles Peart-Harris,Brentford,MID,-0.0,0.0
0.0,-0.0,-0.0,0.0,-0.0,N'Golo Kanté,Chelsea,MID,0.0,0.0
-0.0,-0.0,0.0,-0.0,-0.0,Naby Keita,Liverpool,MID,0.0,0.0
0.0,0.0,0.0,0.0,0.0,Nampalys Mendy,Leicester,MID,0.0,0.0
0.0,0.0,0.0,0.0,-0.0,Nathan Aké,Man City,DEF,0.0,0.0
0.0,0.0,0.0,0.0,0.0,Nathan Broadhead,Everton,FWD,-0.0,0.0
0.0,0.0,0.0,0.0,0.0,Nathan Collins,Burnley,DEF,-0.0,0.0
0.0,0.0,0.0,0.0,0.0,Nathan Ferguson,Crystal Palace,DEF,-0.0,0.0
0.0,0.0,0.0,0.0,0.0,Nathan Patterson,Everton,DEF,-0.0,0.0
-0.0,0.0,-0.0,-0.0,-0.0,Nathan Redmond,Southampton,MID,0.0,-0.0
-0.0,0.0,0.0,0.0,0.0,Nathan Tella,Southampton,MID,-0.0,0.0
0.0,0.0,0.0,0.0,0.0,Nathan Young-Coombes,Brentford,FWD,-0.0,0.0
0.0,0.0,0.0,0.0,0.0,Nathaniel Chalobah,Watford,MID,-0.0,0.0
0.0,0.0,0.0,0.0,0.0,Nathaniel Clyne,Crystal Palace,DEF,-0.0,0.0
0.0,0.0,0.0,0.0,0.0,Nathaniel Phillips,Liverpool,DEF,-0.0,0.0
-0.0,-0.0,-0.0,-0.0,-0.0,Neal Maupay,Brighton,FWD,0.0,3.944304526105059e-31
0.0,0.0,0.0,0.0,0.0,Neco Williams,Liverpool,DEF,0.0,0.0
-0.0,-0.0,0.0,-0.0,-0.0,Nemanja Matic,Man Utd,MID,0.0,-0.0
-0.0,-0.0,-0.0,-0.0,-0.0,Nick Pope,Burnley,GK,0.0,0.0
0.0,0.0,0.0,0.0,0.0,Nicolas Nkoulou,Watford,DEF,-0.0,0.0
-0.0,-0.0,0.0,-0.0,-0.0,Nicolas Pépé,Arsenal,MID,0.0,0.0
0.0,0.0,0.0,0.0,0.0,Niels Nkounkou,Everton,DEF,-0.0,0.0
0.0,0.0,0.0,0.0,0.0,Nikola Vlasic,West Ham,MID,0.0,0.0
0.0,0.0,0.0,0.0,0.0,Nohan Kenneh,Leeds,MID,0.0,-0.0
-0.0,-0.0,0.0,0.0,-0.0,Nuno Varela Tavares,Arsenal,DEF,0.0,-0.0
0.0,-0.0,-0.0,-0.0,-0.0,Nélson Cabral Semedo,Wolves,DEF,0.0,0.0
0.0,0.0,0.0,0.0,0.0,Odeluga Offiah,Brighton,DEF,-0.0,0.0
0.0,0.0,0.0,1.0,1.0,Odsonne Edouard,Crystal Palace,FWD,0.9999999999999976,0.9999999999999976
-0.0,-0.0,-0.0,-0.0,-0.0,Oghenekaro Peter Etebo,Watford,MID,0.0,-0.0
-0.0,0.0,-0.0,0.0,0.0,Oleksandr Zinchenko,Man City,DEF,0.0,-0.0
-0.0,-0.0,-0.0,-0.0,-0.0,Oliver Skipp,Spurs,MID,0.0,0.0
0.0,0.0,0.0,0.0,0.0,Olivier Giroud,Chelsea,FWD,-0.0,0.0
0.0,0.0,-0.0,-0.0,-0.0,Ollie Watkins,Aston Villa,FWD,0.0,-0.0
0.0,0.0,0.0,0.0,0.0,Omari Hutchinson,Arsenal,MID,-0.0,0.0
0.0,0.0,0.0,0.0,0.0,Onel Hernández,Norwich,MID,-0.0,0.0
-0.0,-0.0,-0.0,-0.0,-0.0,Oriol Romeu Vidal,Southampton,MID,0.0,-0.0
0.0,0.0,0.0,0.0,0.0,Owen Beck,Liverpool,DEF,-0.0,0.0
0.0,0.0,0.0,0.0,0.0,Owen Dodgson,Burnley,DEF,-0.0,0.0
0.0,0.0,0.0,0.0,0.0,Owen Otasowie,Wolves,MID,-0.0,0.0
0.0,0.0,0.0,0.0,-0.0,Ozan Kabak,Norwich,DEF,-0.0,0.0
0.0,0.0,0.0,0.0,0.0,Ozan Tufan,Watford,MID,-0.0,0.0
-0.0,-0.0,-0.0,-0.0,-0.0,Pablo Fornals,West Ham,MID,0.0,9.466330862652142e-30
0.0,0.0,0.0,0.0,0.0,Pablo Hernández Domínguez,Leeds,MID,-0.0,0.0
-0.0,0.0,0.0,0.0,0.0,Pablo Marí,Arsenal,DEF,0.0,-0.0
0.0,0.0,0.0,0.0,0.0,Paris Maghoma,Brentford,MID,-0.0,0.0
0.0,-0.0,-0.0,0.0,0.0,Pascal Groß,Brighton,MID,0.0,-0.0
-0.0,-0.0,-0.0,-0.0,0.0,Pascal Struijk,Leeds,DEF,0.0,-0.0
-0.0,-0.0,-0.0,-0.0,-0.0,Patrick Bamford,Leeds,FWD,0.0,0.0
0.0,0.0,0.0,0.0,0.0,Patrick Cutrone,Wolves,FWD,-0.0,0.0
0.0,0.0,0.0,0.0,0.0,Patrik Gunnarsson,Brentford,GK,-0.0,0.0
0.0,-0.0,0.0,0.0,0.0,Patson Daka,Leicester,FWD,0.0,0.0
0.0,0.0,0.0,0.0,0.0,Paul Dummett,Newcastle,DEF,-0.0,0.0
-0.0,-0.0,-0.0,0.0,-0.0,Paul Pogba,Man Utd,MID,0.0,-7.888609052210118e-31
0.0,0.0,0.0,0.0,0.0,Pedro Lomba Neto,Wolves,MID,-0.0,0.0
0.0,0.0,0.0,0.0,0.0,Pelenda Joshua Dasilva,Brentford,MID,-0.0,0.0
0.0,0.0,0.0,0.0,0.0,Phil Bardsley,Burnley,DEF,-0.0,0.0
0.0,0.0,0.0,0.0,-0.0,Phil Foden,Man City,MID,-0.0,0.0
0.0,0.0,0.0,0.0,0.0,Phil Jones,Man Utd,DEF,-0.0,0.0
0.0,0.0,0.0,0.0,0.0,Philip Zinckernagel,Watford,MID,-0.0,0.0
0.0,0.0,0.0,0.0,0.0,Philippe Coutinho Correia,Aston Villa,MID,-0.0,0.0
0.0,0.0,0.0,0.0,0.0,Pierluigi Gollini,Spurs,GK,-0.0,0.0
0.0,0.0,0.0,0.0,0.0,Pierre Ekwah,West Ham,DEF,-0.0,0.0
-0.0,-0.0,-0.0,-0.0,0.0,Pierre Lees-Melou,Norwich,MID,0.0,-0.0
0.0,-0.0,-0.0,0.0,-0.0,Pierre-Emerick Aubameyang,Arsenal,FWD,0.0,0.0
-0.0,-0.0,-0.0,-0.0,-0.0,Pierre-Emile Højbjerg,Spurs,MID,0.0,-0.0
0.0,0.0,-0.0,-0.0,-0.0,Pontus Jansson,Brentford,DEF,0.0,-0.0
0.0,0.0,0.0,0.0,0.0,Przemyslaw Placheta,Norwich,MID,0.0,-0.0
-0.0,0.0,-0.0,-0.0,-0.0,Raheem Sterling,Man City,MID,0.0,-0.0
-0.0,0.0,-0.0,-0.0,-0.0,Raphael Dias Belloli,Leeds,MID,0.0,0.0
0.0,0.0,-0.0,-0.0,0.0,Raphaël Varane,Man Utd,DEF,0.0,0.0
0.0,0.0,0.0,0.0,0.0,Rayan Ait Nouri,Wolves,DEF,0.0,0.0
-0.0,-0.0,-0.0,-0.0,-0.0,Raúl Jiménez,Wolves,FWD,0.0,-0.0
0.0,0.0,0.0,0.0,0.0,Reece Hannam,Crystal Palace,DEF,-0.0,0.0
-0.0,0.0,-0.0,0.0,0.0,Reece James,Chelsea,DEF,0.0,-0.0
0.0,0.0,0.0,0.0,0.0,Reece Welch,Everton,DEF,-0.0,0.0
0.0,0.0,0.0,0.0,0.0,Reiss Nelson,Arsenal,MID,-0.0,0.0
0.0,0.0,0.0,0.0,0.0,Remi Matthews,Crystal Palace,GK,-0.0,0.0
0.0,0.0,0.0,0.0,0.0,Rhys Williams,Liverpool,DEF,-0.0,0.0
0.0,-0.0,-0.0,0.0,-0.0,Ricardo Domingos Barbosa Pereira,Leicester,DEF,0.0,0.0
-0.0,-0.0,-0.0,-0.0,0.0,Richarlison de Andrade,Everton,FWD,0.0,0.0
-0.0,-0.0,-0.0,-0.0,-0.0,Rico Henry,Brentford,DEF,0.0,0.0
-0.0,0.0,-0.0,0.0,-0.0,Riyad Mahrez,Man City,MID,0.0,-0.0
0.0,-0.0,-0.0,0.0,0.0,Rob Holding,Arsenal,DEF,0.0,0.0
0.0,0.0,0.0,0.0,0.0,Robert Elliot,Watford,GK,-0.0,0.0
0.0,0.0,0.0,0.0,0.0,Robert Kenedy Nunes do Nascimento,Chelsea,DEF,-0.0,0.0
0.0,0.0,0.0,0.0,0.0,Robert Street,Crystal Palace,FWD,-0.0,0.0
-0.0,-0.0,-0.0,0.0,-0.0,Robert Sánchez,Brighton,GK,0.0,-0.0
0.0,-0.0,-0.0,0.0,0.0,Roberto Firmino,Liverpool,FWD,0.0,-0.0
-0.0,0.0,0.0,0.0,0.0,Robin Koch,Leeds,DEF,0.0,-0.0
0.0,0.0,0.0,0.0,0.0,Robin Olsen,Aston Villa,GK,-0.0,0.0
0.0,0.0,0.0,0.0,0.0,Rodrigo Bentancur,Spurs,MID,-0.0,0.0
0.0,-0.0,0.0,-0.0,0.0,Rodrigo Hernandez,Man City,MID,0.0,-0.0
-0.0,0.0,-0.0,-0.0,-0.0,Rodrigo Moreno,Leeds,FWD,0.0,-0.0
-0.0,-0.0,0.0,-0.0,-0.0,Romain Perraud,Southampton,DEF,0.0,0.0
-0.0,-0.0,-0.0,-0.0,-0.0,Romain Saïss,Wolves,DEF,0.0,0.0
0.0,-0.0,-0.0,0.0,-0.0,Romelu Lukaku,Chelsea,FWD,0.0,0.0
0.0,0.0,0.0,0.0,0.0,Romeo Lavia,Man City,MID,0.0,-0.0
0.0,0.0,0.0,0.0,0.0,Ross Barkley,Chelsea,MID,-0.0,0.0
0.0,0.0,0.0,0.0,0.0,Ruben Loftus-Cheek,Chelsea,MID,-0.0,0.0
0.0,0.0,0.0,0.0,0.0,Rui Pedro dos Santos Patrício,Wolves,GK,-1.634122954366641e-17,-1.634122954366641e-17
0.0,0.0,0.0,0.0,0.0,Ryan Alebiosu,Arsenal,DEF,-0.0,0.0
0.0,0.0,0.0,0.0,-0.0,Ryan Bertrand,Leicester,DEF,0.0,0.0
-0.0,-0.0,-0.0,0.0,-0.0,Ryan Fraser,Newcastle,MID,0.0,-0.0
0.0,0.0,0.0,0.0,0.0,Ryan Fredericks,West Ham,DEF,-0.0,0.0
0.0,0.0,0.0,0.0,0.0,Ryan Giles,Wolves,MID,-0.0,0.0
0.0,0.0,0.0,0.0,0.0,Ryan Sessegnon,Spurs,DEF,-0.0,0.0
-0.0,-0.0,-0.0,-0.0,-0.0,Rúben Diogo da Silva Neves,Wolves,MID,0.0,-0.0
1.0,1.0,1.0,1.0000000000000013,1.0,Rúben Santos Gato Alves Dias,Man City,DEF,1.0,1.0
0.0,0.0,0.0,0.0,0.0,Rúnar Alex Rúnarsson,Arsenal,GK,-0.0,0.0
-0.0,9.356622414897013e-15,-0.0,-0.0,-0.0,Sadio Mané,Liverpool,MID,0.0,1.871324482979402e-15
0.0,0.0,0.0,0.0,0.0,Salah-Eddine Oulad M'hand,Arsenal,MID,-0.0,0.0
0.0,0.0,0.0,0.0,0.0,Salomón Rondón,Everton,FWD,0.0,0.0
0.0,0.0,0.0,0.0,0.0,Sam Byram,Norwich,DEF,-0.0,0.0
0.0,0.0,0.0,0.0,0.0,Sam Greenwood,Leeds,FWD,-0.0,0.0
0.0,0.0,0.0,0.0,0.0,Sam Waller,Burnley,GK,-0.0,0.0
0.0,-0.0,-0.0,0.0,0.0,Saman Ghoddos,Brentford,MID,0.0,0.0
0.0,0.0,0.0,0.0,0.0,Samir Caetano de Souza Santos,Watford,DEF,-0.0,0.0
0.0,0.0,0.0,0.0,0.0,Samuel Edozie,Man City,MID,-0.0,0.0
0.0,0.0,0.0,0.0,0.0,Samuel Kalu,Watford,MID,-0.0,0.0
1.0,1.0,1.0000000000000002,1.0000000000000002,1.0,Saïd Benrahma,West Ham,MID,1.0000000000000002,1.0
0.0,0.0,0.0,0.0,0.0,Saúl Ñíguez,Chelsea,MID,0.0,-0.0
0.0,0.0,0.0,0.0,0.0,Scott Banks,Crystal Palace,MID,-0.0,0.0
0.0,0.0,0.0,0.0,0.0,Scott Carson,Man City,GK,-0.0,0.0
-0.0,-0.0,0.0,0.0,-0.0,Scott McTominay,Man Utd,MID,0.0,-0.0
0.0,0.0,0.0,0.0,0.0,Sead Kolasinac,Arsenal,DEF,0.0,-0.0
-0.0,-0.0,0.0,-0.0,0.0,Seamus Coleman,Everton,DEF,0.0,0.0
-0.0,-0.0,-0.0,-0.0,-0.0,Sean Longstaff,Newcastle,MID,0.0,0.0
0.0,0.0,0.0,0.0,0.0,Serge Aurier,Spurs,DEF,-0.0,0.0
0.0,-0.0,-0.0,-0.0,-0.0,Sergi Canós,Brentford,MID,0.0,0.0
-0.0,-0.0,0.0,-0.0,-0.0,Sergio Reguilón,Spurs,DEF,0.0,-0.0
0.0,0.0,-0.0,-0.0,-0.0,Shandon Baptiste,Brentford,MID,0.0,-0.0
-0.0,0.0,-0.0,-0.0,-0.0,Shane Duffy,Brighton,DEF,0.0,0.0
0.0,0.0,0.0,0.0,0.0,Shane Long,Southampton,FWD,-0.0,0.0
0.0,0.0,0.0,0.0,0.0,Shaqai Forde,Watford,FWD,0.0,-0.0
0.0,0.0,0.0,0.0,0.0,Shola Shoretire,Man Utd,MID,-0.0,0.0
-0.0,-0.0,0.0,-0.0,-0.0,Solomon March,Brighton,MID,0.0,0.0
0.0,0.0,0.0,0.0,0.0,Sonny Perkins,West Ham,MID,-0.0,0.0
0.0,0.0,0.0,0.0,0.0,Steven Alzate,Brighton,MID,-0.0,0.0
0.0,-0.0,-0.0,0.0,0.0,Steven Bergwijn,Spurs,MID,0.0,-0.0
0.0,0.0,0.0,0.0,0.0,Stipe Perica,Watford,FWD,-0.0,0.0
0.0,0.0,0.0,0.0,0.0,Stuart Armstrong,Southampton,MID,-0.0,0.0
0.0,-0.0,-0.0,-0.0,-0.0,Stuart Dallas,Leeds,MID,0.0,-0.0
0.0,0.0,0.0,0.0,0.0,Stuart McKinstry,Leeds,MID,0.0,0.0
0.0,0.0,0.0,0.0,0.0,Takehiro Tomiyasu,Arsenal,DEF,0.0,-0.0
0.0,0.0,0.0,0.0,0.0,Takumi Minamino,Liverpool,MID,-0.0,0.0
0.0,0.0,0.0,0.0,0.0,Tammy Abraham,Chelsea,FWD,0.0,-0.0
0.0,0.0,0.0,0.0,0.0,Tanguy Ndombele,Spurs,MID,0.0,-0.0
0.0,0.0,0.0,0.0,0.0,Tariq Lamptey,Brighton,DEF,0.0,-0.0
0.0,0.0,0.0,0.0,0.0,Tariqe Fosu-Henry,Brentford,MID,0.0,-0.0
0.0,0.0,0.0,0.0,0.0,Taylor Richards,Brighton,MID,0.0,-0.0
0.0,0.0,0.0,0.0,0.0,Tayo Adaramola,Crystal Palace,DEF,0.0,-0.0
-0.0,-0.0,-0.0,-0.0,-0.0,Teemu Pukki,Norwich,FWD,0.0,0.0
-0.0,-0.0,0.0,0.0,0.0,Theo Walcott,Southampton,MID,0.0,-0.0
0.0,-0.0,-0.0,-0.0,-0.0,Thiago Alcántara do Nascimento,Liverpool,MID,0.0,0.0
0.0,0.0,1.115485261741498e-14,1.115485261741498e-14,1.115485261741498e-14,Thiago Emiliano da Silva,Chelsea,DEF,1.115485261741498e-14,1.115485261741498e-14
0.0,0.0,0.0,0.0,0.0,Thierry Small,Southampton,DEF,0.0,-0.0
0.0,0.0,0.0,0.0,0.0,Thomas Dickson-Peters,Norwich,FWD,0.0,-0.0
0.0,0.0,0.0,0.0,0.0,Thomas McGill,Brighton,GK,0.0,-0.0
0.0,0.0,0.0,-0.0,0.0,Thomas Partey,Arsenal,MID,0.0,-0.0
0.0,0.0,0.0,0.0,0.0,Tiago Çukur,Watford,FWD,0.0,-0.0
0.0,0.0,0.0,0.0,0.0,Tim Iroegbunam,Aston Villa,MID,0.0,-0.0
-0.0,-0.0,-0.0,-0.0,-0.0,Tim Krul,Norwich,GK,0.0,-0.0
-0.0,-0.0,0.0,-0.0,-0.0,Timo Werner,Chelsea,FWD,0.0,-0.0
0.0,0.0,-0.0,-0.0,-0.0,Timothy Castagne,Leicester,DEF,0.0,-0.0
-0.0,-0.0,-0.0,-0.0,-0.0,Tino Livramento,Southampton,DEF,0.0,0.0
0.0,0.0,0.0,0.0,0.0,Tobi Omole,Spurs,DEF,0.0,-0.0
0.0,0.0,0.0,0.0,0.0,Toby Alderweireld,Spurs,DEF,0.0,-0.0
-0.0,-0.0,-0.0,-0.0,-0.0,Todd Cantwell,Norwich,MID,0.0,-0.0
0.0,-0.0,-0.0,0.0,-0.0,Tom Cleverley,Watford,MID,0.0,-0.0
0.0,0.0,0.0,0.0,-0.0,Tom Davies,Everton,MID,0.0,-0.0
0.0,0.0,0.0,0.0,0.0,Tom Heaton,Man Utd,GK,0.0,-0.0
0.0,-0.0,-0.0,-0.0,-0.0,Tomas Soucek,West Ham,MID,0.0,-0.0
0.0,0.0,0.0,0.0,0.0,Tommi O'Reilly,Aston Villa,MID,0.0,-0.0
0.0,0.0,0.0,0.0,0.0,Tommy Doyle,Man City,MID,0.0,-0.0
0.0,0.0,0.0,0.0,0.0,Tony Springett,Norwich,MID,0.0,-0.0
0.0,0.0,0.0,0.0,0.0,Toti António Gomes,Wolves,DEF,0.0,-0.0
1.0,1.0,1.0,1.0,0.0,Trent Alexander-Arnold,Liverpool,DEF,1.0,1.0
-0.0,0.0,0.0,0.0,0.0,Trevoh Chalobah,Chelsea,DEF,-5.679798517591285e-29,-5.99534287967969e-29
0.0,0.0,0.0,0.0,0.0,Troy Deeney,Watford,FWD,0.0,0.0
0.0,0.0,0.0,0.0,0.0,Tyler Dibling,Southampton,MID,0.0,-0.0
0.0,0.0,0.0,0.0,0.0,Tyler Morton,Liverpool,MID,0.0,-0.0
0.0,0.0,0.0,0.0,0.0,Tyler Onyango,Everton,MID,0.0,-0.0
-0.0,-0.0,-0.0,-0.0,-0.0,Tyler Roberts,Leeds,MID,0.0,-0.0
-0.0,-0.0,-0.0,-0.0,-0.0,Tyrick Mitchell,Crystal Palace,DEF,0.0,0.0
-0.0,0.0,0.0,-0.0,0.0,Tyrone Mings,Aston Villa,DEF,0.0,-0.0
-0.0,0.0,-0.0,-0.0,-0.0,Vicente Guaita,Crystal Palace,GK,0.0,-0.0
0.0,0.0,0.0,0.0,0.0,Victor Lindelöf,Man Utd,DEF,0.0,0.0
0.0,0.0,0.0,0.0,0.0,Viljami Sinisalo,Aston Villa,GK,0.0,-0.0
0.0,0.0,0.0,0.0,0.0,Vincent Angelini,Watford,GK,0.0,-0.0
0.0,-0.0,-0.0,-0.0,0.0,Virgil van Dijk,Liverpool,DEF,0.0,-6.310887241768095e-30
0.0,0.0,0.0,0.0,0.0,Vitalii Mykolenko,Everton,DEF,0.0,-0.0
-0.0,-0.0,-0.0,-0.0,-0.0,Vitaly Janelt,Brentford,MID,0.0,0.0
-0.0,-0.0,-0.0,-0.0,-0.0,Vladimir Coufal,West Ham,DEF,0.0,0.0
0.0,0.0,0.0,0.0,0.0,Vontae Daley-Campbell,Leicester,DEF,0.0,-0.0
0.0,0.0,0.0,0.0,0.0,Wayne Hennessey,Burnley,GK,0.0,-0.0
0.0,0.0,0.0,0.0,0.0,Wesley Fofana,Leicester,DEF,0.0,-0.0
0.0,0.0,0.0,0.0,0.0,Wesley Moraes,Aston Villa,FWD,0.0,-0.0
-0.0,-0.0,-0.0,-0.0,-0.0,Wilfred Ndidi,Leicester,MID,0.0,-0.0
-0.0,-0.0,-0.0,0.0,-0.0,Wilfried Zaha,Crystal Palace,MID,0.0,-0.0
0.0,0.0,0.0,0.0,0.0,Will Hughes,Crystal Palace,MID,0.0,-0.0
0.0,0.0,0.0,0.0,0.0,Will Norris,Burnley,GK,0.0,-0.0
0.0,0.0,0.0,0.0,0.0,William Saliba,Arsenal,DEF,0.0,-0.0
0.0,0.0,0.0,0.0,0.0,William Smallbone,Southampton,MID,0.0,-0.0
-0.0,-0.0,-0.0,-0.0,-0.0,William Troost-Ekong,Watford,DEF,0.0,-0.0
0.0,0.0,0.0,0.0,0.0,Willian Borges Da Silva,Arsenal,MID,0.0,-0.0
0.0,0.0,0.0,0.0,0.0,Willy Boly,Wolves,DEF,0.0,-0.0
0.0,0.0,0.0,0.0,0.0,Willy Caballero,Southampton,GK,0.0,-0.0
0.0,0.0,0.0,0.0,0.0,Winston Reid,West Ham,DEF,0.0,-0.0
0.0,0.0,0.0,0.0,0.0,Wout Weghorst,Burnley,FWD,0.0,-0.0
0.0,0.0,0.0,0.0,0.0,Xherdan Shaqiri,Liverpool,MID,0.0,-0.0
0.0,0.0,0.0,0.0,0.0,Yan Valery,Southampton,DEF,0.0,-0.0
-0.0,-0.0,0.0,-0.0,-0.0,Yerry Mina,Everton,DEF,0.0,-0.0
0.0,0.0,0.0,0.0,0.0,Yerson Mosquera Valdelamar,Wolves,DEF,0.0,-0.0
0.0,-0.0,-0.0,0.0,0.0,Yoane Wissa,Brentford,MID,0.0,-0.0
-0.0,0.0,-0.0,-0.0,-0.0,Youri Tielemans,Leicester,MID,0.0,-0.0
-0.0,-0.0,-0.0,-0.0,-0.0,Yves Bissouma,Brighton,MID,0.0,0.0
0.0,0.0,0.0,0.0,0.0,Zach Awe,Arsenal,DEF,0.0,-0.0
0.0,0.0,0.0,0.0,0.0,Zack Steffen,Man City,GK,0.0,-0.0
0.0,0.0,0.0,0.0,0.0,Zak Swanson,Arsenal,DEF,0.0,-0.0
0.0,0.0,0.0,0.0,0.0,Álvaro Fernández,Man Utd,GK,0.0,-0.0
0.0,0.0,0.0,0.0,0.0,Álvaro Fernández,Brentford,GK,0.0,-0.0
0.0,0.0,0.0,0.0,0.0,Álvaro Fernández,Man Utd,DEF,0.0,-0.0
0.0,0.0,0.0,0.0,0.0,Álvaro Fernández,Brentford,DEF,0.0,-0.0
0.0,-0.0,-0.0,-0.0,-0.0,Çaglar Söyüncü,Leicester,DEF,0.0,-0.0
